Workstream,TaskID,Task,Owner,Status,Priority,StartDate,DueDate,Dependency,ProgressPct,Notes,LastUpdated
Data,DAT-01,Inspect local environment and configure dependencies,Hriday Singh Sobti,Complete,Critical,2026-09-15,2026-09-16,None,100,Configured Python 3.14 environment and verified DuckDB openpyxl reportlab and pytest toolchains,2026-09-16
Data,DAT-02,Conduct commercial real estate domain and benchmark research,Hriday Singh Sobti,Complete,High,2026-09-16,2026-09-18,DAT-01,100,Synthesized BOMA Z65.1 loss factor formulas and CBRE APAC office rental benchmarks into notes,2026-09-18
Data,DAT-03,Define portfolio star schema and data dictionary,Hriday Singh Sobti,Complete,Critical,2026-09-18,2026-09-19,DAT-02,100,Drafted star schema dimensional entities and metric dictionary with strict constraints,2026-09-19
Data,DAT-04,Build deterministic synthetic data generation engine,Hriday Singh Sobti,Complete,Critical,2026-09-19,2026-09-22,DAT-03,100,Built NumPy/Pandas generator with Beta distributions for 25 properties and 282k fact rows,2026-09-22
Data Quality,DQ-01,Inject controlled operational defects and build manifest,Hriday Singh Sobti,Complete,High,2026-09-22,2026-09-23,DAT-04,100,Injected 44 operational data defects across 6 dimensions to exercise cleaning pipeline,2026-09-23
Data Quality,DQ-02,Build automated data quality validation engine,Hriday Singh Sobti,Complete,Critical,2026-09-23,2026-09-24,DQ-01,100,Wrote automated DQ rules engine in Python (DQ001-DQ012) and verified 99.98% pass rate,2026-09-24
Data Quality,DQ-03,Build data cleaning and standardization pipeline,Hriday Singh Sobti,Complete,Critical,2026-09-24,2026-09-25,DQ-02,100,Implemented cleaning pipeline for date inversion capacity bounding and area loss reconciliations,2026-09-25
Analytics,ANA-01,Deploy relational DDL schema and load clean tables,Hriday Singh Sobti,Complete,High,2026-09-25,2026-09-26,DQ-03,100,Loaded clean tables into DuckDB relational schema with primary keys checks and foreign keys,2026-09-26
Analytics,ANA-02,Develop analytical SQL query and views library,Hriday Singh Sobti,Complete,High,2026-09-26,2026-09-27,ANA-01,100,Wrote 16 analytical SQL queries with CTEs window functions and created 7 reporting views,2026-09-27
Analytics,ANA-03,Execute exploratory analysis and render diagnostic charts,Hriday Singh Sobti,Complete,High,2026-09-27,2026-09-28,ANA-02,100,Generated Matplotlib/Seaborn diagnostic plots for weekday profiles and pressure matrix,2026-09-28
Analytics,ANA-04,Compute Portfolio Attention Index and sensitivity analysis,Hriday Singh Sobti,Complete,Critical,2026-09-28,2026-09-29,ANA-03,100,Implemented Portfolio Attention Index (PAI) with Spearman rank correlation sensitivity checks,2026-09-29
Analytics,ANA-05,Build capacity consolidation decision scenario model,Hriday Singh Sobti,Complete,Medium,2026-09-29,2026-09-30,ANA-04,100,Built 3-tier space consolidation model with 60% variable cost elasticity assumption,2026-09-30
Dashboard,DSH-01,Construct Power BI Tabular Model schema and DAX measures,Hriday Singh Sobti,Complete,Critical,2026-09-30,2026-10-01,ANA-05,100,Authored Model.bim Tabular schema 31 explicit DAX measures and corporate theme JSON,2026-10-01
Dashboard,DSH-02,Design 6 core dashboard pages and drill-through spec,Hriday Singh Sobti,Complete,High,2026-10-01,2026-10-01,DSH-01,100,Drafted 6 core report page layout specifications and Property Detail drill-through layout,2026-10-01
Dashboard,DSH-03,Build interactive dashboard web preview application,Hriday Singh Sobti,Complete,High,2026-10-01,2026-10-02,DSH-02,100,Built zero-dependency web dashboard preview with instant synchronous data and active slicers,2026-10-02
Reporting,REP-01,Construct multi-tab formula-driven Excel management workbook,Hriday Singh Sobti,Complete,Critical,2026-10-02,2026-10-02,DSH-03,100,Built 8-sheet Excel management workbook using openpyxl with 307 verified dynamic cell formulas,2026-10-02
Reporting,REP-02,Author and typeset 10-page executive management PDF report,Hriday Singh Sobti,Complete,Critical,2026-10-02,2026-10-02,REP-01,100,Typeset 10-page management briefing PDF using ReportLab with dynamic NumberedCanvas page numbering,2026-10-02
Presentation,PRS-01,Build 7-slide executive review PowerPoint presentation,Hriday Singh Sobti,Complete,Critical,2026-10-02,2026-10-02,REP-02,100,Constructed 7-slide executive PowerPoint deck using python-pptx with 16:9 widescreen layout,2026-10-02
QA,QA-01,Build automated test suite and regression tests,Hriday Singh Sobti,Complete,Critical,2026-10-02,2026-10-02,PRS-01,100,Wrote 268 automated pytest test cases covering schema DQ invariants and SQL parity,2026-10-02
QA,QA-02,Execute cross-tool analytical reconciliation audit,Hriday Singh Sobti,Complete,Critical,2026-10-02,2026-10-02,QA-01,100,Audited cross-platform totals across Python SQL Power BI and Excel; confirmed 0.00% variance,2026-10-02
QA,QA-03,Conduct visual QA and rendering inspection on PDF and deck,Hriday Singh Sobti,Complete,High,2026-10-02,2026-10-02,QA-02,100,Rendered PDF pages to 144 DPI PNGs via pypdfium2 to visually inspect typography and bounds,2026-10-02
Documentation,DOC-01,Perform editorial review and finalize README project documentation,Hriday Singh Sobti,Complete,Critical,2026-10-02,2026-10-02,QA-03,100,Conducted final review of repository documentation structure and operational terminology,2026-10-02
