FloorKey,PropertyKey,FloorNumber,FloorCode,FloorName,UsableAreaSqM,CapacitySeats
1001,1,1,BOM-01-FL01,Floor 1,1360.0,124
1002,1,2,BOM-01-FL02,Floor 2,1360.0,124
1003,1,3,BOM-01-FL03,Floor 3,1360.0,124
1004,1,4,BOM-01-FL04,Floor 4,1360.0,124
1005,1,5,BOM-01-FL05,Floor 5,1360.0,124
1006,2,1,BOM-02-FL01,Floor 1,1250.0,114
1007,2,2,BOM-02-FL02,Floor 2,1250.0,113
1008,2,3,BOM-02-FL03,Floor 3,1250.0,113
1009,3,1,BOM-03-FL01,Floor 1,1766.67,209
1010,3,2,BOM-03-FL02,Floor 2,1766.67,209
1011,3,3,BOM-03-FL03,Floor 3,1766.67,208
1012,3,4,BOM-03-FL04,Floor 4,1766.67,208
1013,3,5,BOM-03-FL05,Floor 5,1766.67,208
1014,3,6,BOM-03-FL06,Floor 6,1766.67,208
1015,4,1,PNQ-01-FL01,Floor 1,1937.5,215
1016,4,2,PNQ-01-FL02,Floor 2,1937.5,215
1017,4,3,PNQ-01-FL03,Floor 3,1937.5,215
1018,4,4,PNQ-01-FL04,Floor 4,1937.5,215
1019,4,5,PNQ-01-FL05,Floor 5,1937.5,215
1020,4,6,PNQ-01-FL06,Floor 6,1937.5,215
1021,4,7,PNQ-01-FL07,Floor 7,1937.5,215
1022,4,8,PNQ-01-FL08,Floor 8,1937.5,215
1023,5,1,PNQ-02-FL01,Floor 1,1560.0,190
1024,5,2,PNQ-02-FL02,Floor 2,1560.0,190
1025,5,3,PNQ-02-FL03,Floor 3,1560.0,190
1026,5,4,PNQ-02-FL04,Floor 4,1560.0,190
1027,5,5,PNQ-02-FL05,Floor 5,1560.0,190
1028,6,1,BLR-01-FL01,Floor 1,1983.33,220
1029,6,2,BLR-01-FL02,Floor 2,1983.33,220
1030,6,3,BLR-01-FL03,Floor 3,1983.33,220
1031,6,4,BLR-01-FL04,Floor 4,1983.33,220
1032,6,5,BLR-01-FL05,Floor 5,1983.33,220
1033,6,6,BLR-01-FL06,Floor 6,1983.33,220
1034,6,7,BLR-01-FL07,Floor 7,1983.33,220
1035,6,8,BLR-01-FL08,Floor 8,1983.33,220
1036,6,9,BLR-01-FL09,Floor 9,1983.33,220
1037,7,1,BLR-02-FL01,Floor 1,1983.33,220
1038,7,2,BLR-02-FL02,Floor 2,1983.33,220
1039,7,3,BLR-02-FL03,Floor 3,1983.33,220
1040,7,4,BLR-02-FL04,Floor 4,1983.33,220
1041,7,5,BLR-02-FL05,Floor 5,1983.33,220
1042,7,6,BLR-02-FL06,Floor 6,1983.33,220
1043,8,1,BLR-03-FL01,Floor 1,1870.0,220
1044,8,2,BLR-03-FL02,Floor 2,1870.0,220
1045,8,3,BLR-03-FL03,Floor 3,1870.0,220
1046,8,4,BLR-03-FL04,Floor 4,1870.0,220
1047,8,5,BLR-03-FL05,Floor 5,1870.0,220
1048,9,1,MAA-01-FL01,Floor 1,1912.5,214
1049,9,2,MAA-01-FL02,Floor 2,1912.5,214
1050,9,3,MAA-01-FL03,Floor 3,1912.5,213
1051,9,4,MAA-01-FL04,Floor 4,1912.5,213
1052,9,5,MAA-01-FL05,Floor 5,1912.5,213
1053,9,6,MAA-01-FL06,Floor 6,1912.5,213
1054,10,1,MAA-02-FL01,Floor 1,1593.75,188
1055,10,2,MAA-02-FL02,Floor 2,1593.75,188
1056,10,3,MAA-02-FL03,Floor 3,1593.75,187
1057,10,4,MAA-02-FL04,Floor 4,1593.75,187
1058,11,1,HYD-01-FL01,Floor 1,1942.86,215
1059,11,2,HYD-01-FL02,Floor 2,1942.86,215
1060,11,3,HYD-01-FL03,Floor 3,1942.86,214
1061,11,4,HYD-01-FL04,Floor 4,1942.86,214
1062,11,5,HYD-01-FL05,Floor 5,1942.86,214
1063,11,6,HYD-01-FL06,Floor 6,1942.86,214
1064,11,7,HYD-01-FL07,Floor 7,1942.86,214
1065,12,1,HYD-02-FL01,Floor 1,1473.33,140
1066,12,2,HYD-02-FL02,Floor 2,1473.33,140
1067,12,3,HYD-02-FL03,Floor 3,1473.33,140
1068,13,1,DEL-01-FL01,Floor 1,1629.17,164
1069,13,2,DEL-01-FL02,Floor 2,1629.17,164
1070,13,3,DEL-01-FL03,Floor 3,1629.17,163
1071,13,4,DEL-01-FL04,Floor 4,1629.17,163
1072,13,5,DEL-01-FL05,Floor 5,1629.17,163
1073,13,6,DEL-01-FL06,Floor 6,1629.17,163
1074,14,1,DEL-02-FL01,Floor 1,1870.0,213
1075,14,2,DEL-02-FL02,Floor 2,1870.0,213
1076,14,3,DEL-02-FL03,Floor 3,1870.0,212
1077,14,4,DEL-02-FL04,Floor 4,1870.0,212
1078,15,1,SGP-01-FL01,Floor 1,1350.0,120
1079,15,2,SGP-01-FL02,Floor 2,1350.0,120
1080,15,3,SGP-01-FL03,Floor 3,1350.0,120
1081,15,4,SGP-01-FL04,Floor 4,1350.0,120
1082,16,1,SGP-02-FL01,Floor 1,1633.33,174
1083,16,2,SGP-02-FL02,Floor 2,1633.33,173
1084,16,3,SGP-02-FL03,Floor 3,1633.33,173
1085,17,1,KUL-01-FL01,Floor 1,1450.0,140
1086,17,2,KUL-01-FL02,Floor 2,1450.0,140
1087,17,3,KUL-01-FL03,Floor 3,1450.0,140
1088,18,1,KUL-02-FL01,Floor 1,1657.5,195
1089,18,2,KUL-02-FL02,Floor 2,1657.5,195
1090,18,3,KUL-02-FL03,Floor 3,1657.5,195
1091,18,4,KUL-02-FL04,Floor 4,1657.5,195
1092,19,1,BKK-01-FL01,Floor 1,1750.0,160
1093,19,2,BKK-01-FL02,Floor 2,1750.0,160
1094,20,1,BKK-02-FL01,Floor 1,1700.0,194
1095,20,2,BKK-02-FL02,Floor 2,1700.0,193
1096,20,3,BKK-02-FL03,Floor 3,1700.0,193
1097,21,1,JKT-01-FL01,Floor 1,1350.0,127
1098,21,2,JKT-01-FL02,Floor 2,1350.0,127
1099,21,3,JKT-01-FL03,Floor 3,1350.0,126
1100,22,1,JKT-02-FL01,Floor 1,1530.0,175
1101,22,2,JKT-02-FL02,Floor 2,1530.0,175
1102,22,3,JKT-02-FL03,Floor 3,1530.0,175
1103,22,4,JKT-02-FL04,Floor 4,1530.0,175
1104,23,1,SYD-01-FL01,Floor 1,1412.5,128
1105,23,2,SYD-01-FL02,Floor 2,1412.5,128
1106,23,3,SYD-01-FL03,Floor 3,1412.5,127
1107,23,4,SYD-01-FL04,Floor 4,1412.5,127
1108,24,1,SYD-02-FL01,Floor 1,1550.0,160
1109,24,2,SYD-02-FL02,Floor 2,1550.0,160
1110,24,3,SYD-02-FL03,Floor 3,1550.0,160
1111,25,1,PNQ-03-FL01,Floor 1,1600.0,155
1112,25,2,PNQ-03-FL02,Floor 2,1600.0,155
