DateKey,FullDate,Year,Quarter,QuarterName,Month,MonthName,MonthYear,WeekOfYear,DayOfWeek,DayName,IsWeekday,IsWorkingDay,HolidayName
20241001,2024-10-01,2024,4,Q4 2024,10,October,Oct 2024,40,2,Tuesday,True,True,
20241002,2024-10-02,2024,4,Q4 2024,10,October,Oct 2024,40,3,Wednesday,True,False,Gandhi Jayanti
20241003,2024-10-03,2024,4,Q4 2024,10,October,Oct 2024,40,4,Thursday,True,True,
20241004,2024-10-04,2024,4,Q4 2024,10,October,Oct 2024,40,5,Friday,True,True,
20241005,2024-10-05,2024,4,Q4 2024,10,October,Oct 2024,40,6,Saturday,False,False,
20241006,2024-10-06,2024,4,Q4 2024,10,October,Oct 2024,40,7,Sunday,False,False,
20241007,2024-10-07,2024,4,Q4 2024,10,October,Oct 2024,41,1,Monday,True,True,
20241008,2024-10-08,2024,4,Q4 2024,10,October,Oct 2024,41,2,Tuesday,True,True,
20241009,2024-10-09,2024,4,Q4 2024,10,October,Oct 2024,41,3,Wednesday,True,True,
20241010,2024-10-10,2024,4,Q4 2024,10,October,Oct 2024,41,4,Thursday,True,True,
20241011,2024-10-11,2024,4,Q4 2024,10,October,Oct 2024,41,5,Friday,True,True,
20241012,2024-10-12,2024,4,Q4 2024,10,October,Oct 2024,41,6,Saturday,False,False,
20241013,2024-10-13,2024,4,Q4 2024,10,October,Oct 2024,41,7,Sunday,False,False,
20241014,2024-10-14,2024,4,Q4 2024,10,October,Oct 2024,42,1,Monday,True,True,
20241015,2024-10-15,2024,4,Q4 2024,10,October,Oct 2024,42,2,Tuesday,True,True,
20241016,2024-10-16,2024,4,Q4 2024,10,October,Oct 2024,42,3,Wednesday,True,True,
20241017,2024-10-17,2024,4,Q4 2024,10,October,Oct 2024,42,4,Thursday,True,True,
20241018,2024-10-18,2024,4,Q4 2024,10,October,Oct 2024,42,5,Friday,True,True,
20241019,2024-10-19,2024,4,Q4 2024,10,October,Oct 2024,42,6,Saturday,False,False,
20241020,2024-10-20,2024,4,Q4 2024,10,October,Oct 2024,42,7,Sunday,False,False,
20241021,2024-10-21,2024,4,Q4 2024,10,October,Oct 2024,43,1,Monday,True,True,
20241022,2024-10-22,2024,4,Q4 2024,10,October,Oct 2024,43,2,Tuesday,True,True,
20241023,2024-10-23,2024,4,Q4 2024,10,October,Oct 2024,43,3,Wednesday,True,True,
20241024,2024-10-24,2024,4,Q4 2024,10,October,Oct 2024,43,4,Thursday,True,True,
20241025,2024-10-25,2024,4,Q4 2024,10,October,Oct 2024,43,5,Friday,True,True,
20241026,2024-10-26,2024,4,Q4 2024,10,October,Oct 2024,43,6,Saturday,False,False,
20241027,2024-10-27,2024,4,Q4 2024,10,October,Oct 2024,43,7,Sunday,False,False,
20241028,2024-10-28,2024,4,Q4 2024,10,October,Oct 2024,44,1,Monday,True,True,
20241029,2024-10-29,2024,4,Q4 2024,10,October,Oct 2024,44,2,Tuesday,True,True,
20241030,2024-10-30,2024,4,Q4 2024,10,October,Oct 2024,44,3,Wednesday,True,True,
20241031,2024-10-31,2024,4,Q4 2024,10,October,Oct 2024,44,4,Thursday,True,False,Diwali
20241101,2024-11-01,2024,4,Q4 2024,11,November,Nov 2024,44,5,Friday,True,False,Diwali Holiday
20241102,2024-11-02,2024,4,Q4 2024,11,November,Nov 2024,44,6,Saturday,False,False,
20241103,2024-11-03,2024,4,Q4 2024,11,November,Nov 2024,44,7,Sunday,False,False,
20241104,2024-11-04,2024,4,Q4 2024,11,November,Nov 2024,45,1,Monday,True,True,
20241105,2024-11-05,2024,4,Q4 2024,11,November,Nov 2024,45,2,Tuesday,True,True,
20241106,2024-11-06,2024,4,Q4 2024,11,November,Nov 2024,45,3,Wednesday,True,True,
20241107,2024-11-07,2024,4,Q4 2024,11,November,Nov 2024,45,4,Thursday,True,True,
20241108,2024-11-08,2024,4,Q4 2024,11,November,Nov 2024,45,5,Friday,True,True,
20241109,2024-11-09,2024,4,Q4 2024,11,November,Nov 2024,45,6,Saturday,False,False,
20241110,2024-11-10,2024,4,Q4 2024,11,November,Nov 2024,45,7,Sunday,False,False,
20241111,2024-11-11,2024,4,Q4 2024,11,November,Nov 2024,46,1,Monday,True,True,
20241112,2024-11-12,2024,4,Q4 2024,11,November,Nov 2024,46,2,Tuesday,True,True,
20241113,2024-11-13,2024,4,Q4 2024,11,November,Nov 2024,46,3,Wednesday,True,True,
20241114,2024-11-14,2024,4,Q4 2024,11,November,Nov 2024,46,4,Thursday,True,True,
20241115,2024-11-15,2024,4,Q4 2024,11,November,Nov 2024,46,5,Friday,True,True,
20241116,2024-11-16,2024,4,Q4 2024,11,November,Nov 2024,46,6,Saturday,False,False,
20241117,2024-11-17,2024,4,Q4 2024,11,November,Nov 2024,46,7,Sunday,False,False,
20241118,2024-11-18,2024,4,Q4 2024,11,November,Nov 2024,47,1,Monday,True,True,
20241119,2024-11-19,2024,4,Q4 2024,11,November,Nov 2024,47,2,Tuesday,True,True,
20241120,2024-11-20,2024,4,Q4 2024,11,November,Nov 2024,47,3,Wednesday,True,True,
20241121,2024-11-21,2024,4,Q4 2024,11,November,Nov 2024,47,4,Thursday,True,True,
20241122,2024-11-22,2024,4,Q4 2024,11,November,Nov 2024,47,5,Friday,True,True,
20241123,2024-11-23,2024,4,Q4 2024,11,November,Nov 2024,47,6,Saturday,False,False,
20241124,2024-11-24,2024,4,Q4 2024,11,November,Nov 2024,47,7,Sunday,False,False,
20241125,2024-11-25,2024,4,Q4 2024,11,November,Nov 2024,48,1,Monday,True,True,
20241126,2024-11-26,2024,4,Q4 2024,11,November,Nov 2024,48,2,Tuesday,True,True,
20241127,2024-11-27,2024,4,Q4 2024,11,November,Nov 2024,48,3,Wednesday,True,True,
20241128,2024-11-28,2024,4,Q4 2024,11,November,Nov 2024,48,4,Thursday,True,True,
20241129,2024-11-29,2024,4,Q4 2024,11,November,Nov 2024,48,5,Friday,True,True,
20241130,2024-11-30,2024,4,Q4 2024,11,November,Nov 2024,48,6,Saturday,False,False,
20241201,2024-12-01,2024,4,Q4 2024,12,December,Dec 2024,48,7,Sunday,False,False,
20241202,2024-12-02,2024,4,Q4 2024,12,December,Dec 2024,49,1,Monday,True,True,
20241203,2024-12-03,2024,4,Q4 2024,12,December,Dec 2024,49,2,Tuesday,True,True,
20241204,2024-12-04,2024,4,Q4 2024,12,December,Dec 2024,49,3,Wednesday,True,True,
20241205,2024-12-05,2024,4,Q4 2024,12,December,Dec 2024,49,4,Thursday,True,True,
20241206,2024-12-06,2024,4,Q4 2024,12,December,Dec 2024,49,5,Friday,True,True,
20241207,2024-12-07,2024,4,Q4 2024,12,December,Dec 2024,49,6,Saturday,False,False,
20241208,2024-12-08,2024,4,Q4 2024,12,December,Dec 2024,49,7,Sunday,False,False,
20241209,2024-12-09,2024,4,Q4 2024,12,December,Dec 2024,50,1,Monday,True,True,
20241210,2024-12-10,2024,4,Q4 2024,12,December,Dec 2024,50,2,Tuesday,True,True,
20241211,2024-12-11,2024,4,Q4 2024,12,December,Dec 2024,50,3,Wednesday,True,True,
20241212,2024-12-12,2024,4,Q4 2024,12,December,Dec 2024,50,4,Thursday,True,True,
20241213,2024-12-13,2024,4,Q4 2024,12,December,Dec 2024,50,5,Friday,True,True,
20241214,2024-12-14,2024,4,Q4 2024,12,December,Dec 2024,50,6,Saturday,False,False,
20241215,2024-12-15,2024,4,Q4 2024,12,December,Dec 2024,50,7,Sunday,False,False,
20241216,2024-12-16,2024,4,Q4 2024,12,December,Dec 2024,51,1,Monday,True,True,
20241217,2024-12-17,2024,4,Q4 2024,12,December,Dec 2024,51,2,Tuesday,True,True,
20241218,2024-12-18,2024,4,Q4 2024,12,December,Dec 2024,51,3,Wednesday,True,True,
20241219,2024-12-19,2024,4,Q4 2024,12,December,Dec 2024,51,4,Thursday,True,True,
20241220,2024-12-20,2024,4,Q4 2024,12,December,Dec 2024,51,5,Friday,True,True,
20241221,2024-12-21,2024,4,Q4 2024,12,December,Dec 2024,51,6,Saturday,False,False,
20241222,2024-12-22,2024,4,Q4 2024,12,December,Dec 2024,51,7,Sunday,False,False,
20241223,2024-12-23,2024,4,Q4 2024,12,December,Dec 2024,52,1,Monday,True,True,
20241224,2024-12-24,2024,4,Q4 2024,12,December,Dec 2024,52,2,Tuesday,True,True,
20241225,2024-12-25,2024,4,Q4 2024,12,December,Dec 2024,52,3,Wednesday,True,False,Christmas Day
20241226,2024-12-26,2024,4,Q4 2024,12,December,Dec 2024,52,4,Thursday,True,True,
20241227,2024-12-27,2024,4,Q4 2024,12,December,Dec 2024,52,5,Friday,True,True,
20241228,2024-12-28,2024,4,Q4 2024,12,December,Dec 2024,52,6,Saturday,False,False,
20241229,2024-12-29,2024,4,Q4 2024,12,December,Dec 2024,52,7,Sunday,False,False,
20241230,2024-12-30,2024,4,Q4 2024,12,December,Dec 2024,1,1,Monday,True,True,
20241231,2024-12-31,2024,4,Q4 2024,12,December,Dec 2024,1,2,Tuesday,True,True,
20250101,2025-01-01,2025,1,Q1 2025,1,January,Jan 2025,1,3,Wednesday,True,False,New Year's Day
20250102,2025-01-02,2025,1,Q1 2025,1,January,Jan 2025,1,4,Thursday,True,True,
20250103,2025-01-03,2025,1,Q1 2025,1,January,Jan 2025,1,5,Friday,True,True,
20250104,2025-01-04,2025,1,Q1 2025,1,January,Jan 2025,1,6,Saturday,False,False,
20250105,2025-01-05,2025,1,Q1 2025,1,January,Jan 2025,1,7,Sunday,False,False,
20250106,2025-01-06,2025,1,Q1 2025,1,January,Jan 2025,2,1,Monday,True,True,
20250107,2025-01-07,2025,1,Q1 2025,1,January,Jan 2025,2,2,Tuesday,True,True,
20250108,2025-01-08,2025,1,Q1 2025,1,January,Jan 2025,2,3,Wednesday,True,True,
20250109,2025-01-09,2025,1,Q1 2025,1,January,Jan 2025,2,4,Thursday,True,True,
20250110,2025-01-10,2025,1,Q1 2025,1,January,Jan 2025,2,5,Friday,True,True,
20250111,2025-01-11,2025,1,Q1 2025,1,January,Jan 2025,2,6,Saturday,False,False,
20250112,2025-01-12,2025,1,Q1 2025,1,January,Jan 2025,2,7,Sunday,False,False,
20250113,2025-01-13,2025,1,Q1 2025,1,January,Jan 2025,3,1,Monday,True,True,
20250114,2025-01-14,2025,1,Q1 2025,1,January,Jan 2025,3,2,Tuesday,True,True,
20250115,2025-01-15,2025,1,Q1 2025,1,January,Jan 2025,3,3,Wednesday,True,True,
20250116,2025-01-16,2025,1,Q1 2025,1,January,Jan 2025,3,4,Thursday,True,True,
20250117,2025-01-17,2025,1,Q1 2025,1,January,Jan 2025,3,5,Friday,True,True,
20250118,2025-01-18,2025,1,Q1 2025,1,January,Jan 2025,3,6,Saturday,False,False,
20250119,2025-01-19,2025,1,Q1 2025,1,January,Jan 2025,3,7,Sunday,False,False,
20250120,2025-01-20,2025,1,Q1 2025,1,January,Jan 2025,4,1,Monday,True,True,
20250121,2025-01-21,2025,1,Q1 2025,1,January,Jan 2025,4,2,Tuesday,True,True,
20250122,2025-01-22,2025,1,Q1 2025,1,January,Jan 2025,4,3,Wednesday,True,True,
20250123,2025-01-23,2025,1,Q1 2025,1,January,Jan 2025,4,4,Thursday,True,True,
20250124,2025-01-24,2025,1,Q1 2025,1,January,Jan 2025,4,5,Friday,True,True,
20250125,2025-01-25,2025,1,Q1 2025,1,January,Jan 2025,4,6,Saturday,False,False,
20250126,2025-01-26,2025,1,Q1 2025,1,January,Jan 2025,4,7,Sunday,False,False,Republic Day
20250127,2025-01-27,2025,1,Q1 2025,1,January,Jan 2025,5,1,Monday,True,True,
20250128,2025-01-28,2025,1,Q1 2025,1,January,Jan 2025,5,2,Tuesday,True,True,
20250129,2025-01-29,2025,1,Q1 2025,1,January,Jan 2025,5,3,Wednesday,True,False,Lunar New Year
20250130,2025-01-30,2025,1,Q1 2025,1,January,Jan 2025,5,4,Thursday,True,False,Lunar New Year Holiday
20250131,2025-01-31,2025,1,Q1 2025,1,January,Jan 2025,5,5,Friday,True,True,
20250201,2025-02-01,2025,1,Q1 2025,2,February,Feb 2025,5,6,Saturday,False,False,
20250202,2025-02-02,2025,1,Q1 2025,2,February,Feb 2025,5,7,Sunday,False,False,
20250203,2025-02-03,2025,1,Q1 2025,2,February,Feb 2025,6,1,Monday,True,True,
20250204,2025-02-04,2025,1,Q1 2025,2,February,Feb 2025,6,2,Tuesday,True,True,
20250205,2025-02-05,2025,1,Q1 2025,2,February,Feb 2025,6,3,Wednesday,True,True,
20250206,2025-02-06,2025,1,Q1 2025,2,February,Feb 2025,6,4,Thursday,True,True,
20250207,2025-02-07,2025,1,Q1 2025,2,February,Feb 2025,6,5,Friday,True,True,
20250208,2025-02-08,2025,1,Q1 2025,2,February,Feb 2025,6,6,Saturday,False,False,
20250209,2025-02-09,2025,1,Q1 2025,2,February,Feb 2025,6,7,Sunday,False,False,
20250210,2025-02-10,2025,1,Q1 2025,2,February,Feb 2025,7,1,Monday,True,True,
20250211,2025-02-11,2025,1,Q1 2025,2,February,Feb 2025,7,2,Tuesday,True,True,
20250212,2025-02-12,2025,1,Q1 2025,2,February,Feb 2025,7,3,Wednesday,True,True,
20250213,2025-02-13,2025,1,Q1 2025,2,February,Feb 2025,7,4,Thursday,True,True,
20250214,2025-02-14,2025,1,Q1 2025,2,February,Feb 2025,7,5,Friday,True,True,
20250215,2025-02-15,2025,1,Q1 2025,2,February,Feb 2025,7,6,Saturday,False,False,
20250216,2025-02-16,2025,1,Q1 2025,2,February,Feb 2025,7,7,Sunday,False,False,
20250217,2025-02-17,2025,1,Q1 2025,2,February,Feb 2025,8,1,Monday,True,True,
20250218,2025-02-18,2025,1,Q1 2025,2,February,Feb 2025,8,2,Tuesday,True,True,
20250219,2025-02-19,2025,1,Q1 2025,2,February,Feb 2025,8,3,Wednesday,True,True,
20250220,2025-02-20,2025,1,Q1 2025,2,February,Feb 2025,8,4,Thursday,True,True,
20250221,2025-02-21,2025,1,Q1 2025,2,February,Feb 2025,8,5,Friday,True,True,
20250222,2025-02-22,2025,1,Q1 2025,2,February,Feb 2025,8,6,Saturday,False,False,
20250223,2025-02-23,2025,1,Q1 2025,2,February,Feb 2025,8,7,Sunday,False,False,
20250224,2025-02-24,2025,1,Q1 2025,2,February,Feb 2025,9,1,Monday,True,True,
20250225,2025-02-25,2025,1,Q1 2025,2,February,Feb 2025,9,2,Tuesday,True,True,
20250226,2025-02-26,2025,1,Q1 2025,2,February,Feb 2025,9,3,Wednesday,True,True,
20250227,2025-02-27,2025,1,Q1 2025,2,February,Feb 2025,9,4,Thursday,True,True,
20250228,2025-02-28,2025,1,Q1 2025,2,February,Feb 2025,9,5,Friday,True,True,
20250301,2025-03-01,2025,1,Q1 2025,3,March,Mar 2025,9,6,Saturday,False,False,
20250302,2025-03-02,2025,1,Q1 2025,3,March,Mar 2025,9,7,Sunday,False,False,
20250303,2025-03-03,2025,1,Q1 2025,3,March,Mar 2025,10,1,Monday,True,True,
20250304,2025-03-04,2025,1,Q1 2025,3,March,Mar 2025,10,2,Tuesday,True,True,
20250305,2025-03-05,2025,1,Q1 2025,3,March,Mar 2025,10,3,Wednesday,True,True,
20250306,2025-03-06,2025,1,Q1 2025,3,March,Mar 2025,10,4,Thursday,True,True,
20250307,2025-03-07,2025,1,Q1 2025,3,March,Mar 2025,10,5,Friday,True,True,
20250308,2025-03-08,2025,1,Q1 2025,3,March,Mar 2025,10,6,Saturday,False,False,
20250309,2025-03-09,2025,1,Q1 2025,3,March,Mar 2025,10,7,Sunday,False,False,
20250310,2025-03-10,2025,1,Q1 2025,3,March,Mar 2025,11,1,Monday,True,True,
20250311,2025-03-11,2025,1,Q1 2025,3,March,Mar 2025,11,2,Tuesday,True,True,
20250312,2025-03-12,2025,1,Q1 2025,3,March,Mar 2025,11,3,Wednesday,True,True,
20250313,2025-03-13,2025,1,Q1 2025,3,March,Mar 2025,11,4,Thursday,True,True,
20250314,2025-03-14,2025,1,Q1 2025,3,March,Mar 2025,11,5,Friday,True,False,Holi
20250315,2025-03-15,2025,1,Q1 2025,3,March,Mar 2025,11,6,Saturday,False,False,
20250316,2025-03-16,2025,1,Q1 2025,3,March,Mar 2025,11,7,Sunday,False,False,
20250317,2025-03-17,2025,1,Q1 2025,3,March,Mar 2025,12,1,Monday,True,True,
20250318,2025-03-18,2025,1,Q1 2025,3,March,Mar 2025,12,2,Tuesday,True,True,
20250319,2025-03-19,2025,1,Q1 2025,3,March,Mar 2025,12,3,Wednesday,True,True,
20250320,2025-03-20,2025,1,Q1 2025,3,March,Mar 2025,12,4,Thursday,True,True,
20250321,2025-03-21,2025,1,Q1 2025,3,March,Mar 2025,12,5,Friday,True,True,
20250322,2025-03-22,2025,1,Q1 2025,3,March,Mar 2025,12,6,Saturday,False,False,
20250323,2025-03-23,2025,1,Q1 2025,3,March,Mar 2025,12,7,Sunday,False,False,
20250324,2025-03-24,2025,1,Q1 2025,3,March,Mar 2025,13,1,Monday,True,True,
20250325,2025-03-25,2025,1,Q1 2025,3,March,Mar 2025,13,2,Tuesday,True,True,
20250326,2025-03-26,2025,1,Q1 2025,3,March,Mar 2025,13,3,Wednesday,True,True,
20250327,2025-03-27,2025,1,Q1 2025,3,March,Mar 2025,13,4,Thursday,True,True,
20250328,2025-03-28,2025,1,Q1 2025,3,March,Mar 2025,13,5,Friday,True,True,
20250329,2025-03-29,2025,1,Q1 2025,3,March,Mar 2025,13,6,Saturday,False,False,
20250330,2025-03-30,2025,1,Q1 2025,3,March,Mar 2025,13,7,Sunday,False,False,
20250331,2025-03-31,2025,1,Q1 2025,3,March,Mar 2025,14,1,Monday,True,True,
20250401,2025-04-01,2025,2,Q2 2025,4,April,Apr 2025,14,2,Tuesday,True,True,
20250402,2025-04-02,2025,2,Q2 2025,4,April,Apr 2025,14,3,Wednesday,True,True,
20250403,2025-04-03,2025,2,Q2 2025,4,April,Apr 2025,14,4,Thursday,True,True,
20250404,2025-04-04,2025,2,Q2 2025,4,April,Apr 2025,14,5,Friday,True,True,
20250405,2025-04-05,2025,2,Q2 2025,4,April,Apr 2025,14,6,Saturday,False,False,
20250406,2025-04-06,2025,2,Q2 2025,4,April,Apr 2025,14,7,Sunday,False,False,
20250407,2025-04-07,2025,2,Q2 2025,4,April,Apr 2025,15,1,Monday,True,True,
20250408,2025-04-08,2025,2,Q2 2025,4,April,Apr 2025,15,2,Tuesday,True,True,
20250409,2025-04-09,2025,2,Q2 2025,4,April,Apr 2025,15,3,Wednesday,True,True,
20250410,2025-04-10,2025,2,Q2 2025,4,April,Apr 2025,15,4,Thursday,True,True,
20250411,2025-04-11,2025,2,Q2 2025,4,April,Apr 2025,15,5,Friday,True,True,
20250412,2025-04-12,2025,2,Q2 2025,4,April,Apr 2025,15,6,Saturday,False,False,
20250413,2025-04-13,2025,2,Q2 2025,4,April,Apr 2025,15,7,Sunday,False,False,
20250414,2025-04-14,2025,2,Q2 2025,4,April,Apr 2025,16,1,Monday,True,True,
20250415,2025-04-15,2025,2,Q2 2025,4,April,Apr 2025,16,2,Tuesday,True,True,
20250416,2025-04-16,2025,2,Q2 2025,4,April,Apr 2025,16,3,Wednesday,True,True,
20250417,2025-04-17,2025,2,Q2 2025,4,April,Apr 2025,16,4,Thursday,True,True,
20250418,2025-04-18,2025,2,Q2 2025,4,April,Apr 2025,16,5,Friday,True,False,Good Friday
20250419,2025-04-19,2025,2,Q2 2025,4,April,Apr 2025,16,6,Saturday,False,False,
20250420,2025-04-20,2025,2,Q2 2025,4,April,Apr 2025,16,7,Sunday,False,False,
20250421,2025-04-21,2025,2,Q2 2025,4,April,Apr 2025,17,1,Monday,True,True,
20250422,2025-04-22,2025,2,Q2 2025,4,April,Apr 2025,17,2,Tuesday,True,True,
20250423,2025-04-23,2025,2,Q2 2025,4,April,Apr 2025,17,3,Wednesday,True,True,
20250424,2025-04-24,2025,2,Q2 2025,4,April,Apr 2025,17,4,Thursday,True,True,
20250425,2025-04-25,2025,2,Q2 2025,4,April,Apr 2025,17,5,Friday,True,True,
20250426,2025-04-26,2025,2,Q2 2025,4,April,Apr 2025,17,6,Saturday,False,False,
20250427,2025-04-27,2025,2,Q2 2025,4,April,Apr 2025,17,7,Sunday,False,False,
20250428,2025-04-28,2025,2,Q2 2025,4,April,Apr 2025,18,1,Monday,True,True,
20250429,2025-04-29,2025,2,Q2 2025,4,April,Apr 2025,18,2,Tuesday,True,True,
20250430,2025-04-30,2025,2,Q2 2025,4,April,Apr 2025,18,3,Wednesday,True,True,
20250501,2025-05-01,2025,2,Q2 2025,5,May,May 2025,18,4,Thursday,True,False,Labour Day
20250502,2025-05-02,2025,2,Q2 2025,5,May,May 2025,18,5,Friday,True,True,
20250503,2025-05-03,2025,2,Q2 2025,5,May,May 2025,18,6,Saturday,False,False,
20250504,2025-05-04,2025,2,Q2 2025,5,May,May 2025,18,7,Sunday,False,False,
20250505,2025-05-05,2025,2,Q2 2025,5,May,May 2025,19,1,Monday,True,True,
20250506,2025-05-06,2025,2,Q2 2025,5,May,May 2025,19,2,Tuesday,True,True,
20250507,2025-05-07,2025,2,Q2 2025,5,May,May 2025,19,3,Wednesday,True,True,
20250508,2025-05-08,2025,2,Q2 2025,5,May,May 2025,19,4,Thursday,True,True,
20250509,2025-05-09,2025,2,Q2 2025,5,May,May 2025,19,5,Friday,True,True,
20250510,2025-05-10,2025,2,Q2 2025,5,May,May 2025,19,6,Saturday,False,False,
20250511,2025-05-11,2025,2,Q2 2025,5,May,May 2025,19,7,Sunday,False,False,
20250512,2025-05-12,2025,2,Q2 2025,5,May,May 2025,20,1,Monday,True,True,
20250513,2025-05-13,2025,2,Q2 2025,5,May,May 2025,20,2,Tuesday,True,True,
20250514,2025-05-14,2025,2,Q2 2025,5,May,May 2025,20,3,Wednesday,True,True,
20250515,2025-05-15,2025,2,Q2 2025,5,May,May 2025,20,4,Thursday,True,True,
20250516,2025-05-16,2025,2,Q2 2025,5,May,May 2025,20,5,Friday,True,True,
20250517,2025-05-17,2025,2,Q2 2025,5,May,May 2025,20,6,Saturday,False,False,
20250518,2025-05-18,2025,2,Q2 2025,5,May,May 2025,20,7,Sunday,False,False,
20250519,2025-05-19,2025,2,Q2 2025,5,May,May 2025,21,1,Monday,True,True,
20250520,2025-05-20,2025,2,Q2 2025,5,May,May 2025,21,2,Tuesday,True,True,
20250521,2025-05-21,2025,2,Q2 2025,5,May,May 2025,21,3,Wednesday,True,True,
20250522,2025-05-22,2025,2,Q2 2025,5,May,May 2025,21,4,Thursday,True,True,
20250523,2025-05-23,2025,2,Q2 2025,5,May,May 2025,21,5,Friday,True,True,
20250524,2025-05-24,2025,2,Q2 2025,5,May,May 2025,21,6,Saturday,False,False,
20250525,2025-05-25,2025,2,Q2 2025,5,May,May 2025,21,7,Sunday,False,False,
20250526,2025-05-26,2025,2,Q2 2025,5,May,May 2025,22,1,Monday,True,True,
20250527,2025-05-27,2025,2,Q2 2025,5,May,May 2025,22,2,Tuesday,True,True,
20250528,2025-05-28,2025,2,Q2 2025,5,May,May 2025,22,3,Wednesday,True,True,
20250529,2025-05-29,2025,2,Q2 2025,5,May,May 2025,22,4,Thursday,True,True,
20250530,2025-05-30,2025,2,Q2 2025,5,May,May 2025,22,5,Friday,True,True,
20250531,2025-05-31,2025,2,Q2 2025,5,May,May 2025,22,6,Saturday,False,False,
20250601,2025-06-01,2025,2,Q2 2025,6,June,Jun 2025,22,7,Sunday,False,False,
20250602,2025-06-02,2025,2,Q2 2025,6,June,Jun 2025,23,1,Monday,True,True,
20250603,2025-06-03,2025,2,Q2 2025,6,June,Jun 2025,23,2,Tuesday,True,True,
20250604,2025-06-04,2025,2,Q2 2025,6,June,Jun 2025,23,3,Wednesday,True,True,
20250605,2025-06-05,2025,2,Q2 2025,6,June,Jun 2025,23,4,Thursday,True,True,
20250606,2025-06-06,2025,2,Q2 2025,6,June,Jun 2025,23,5,Friday,True,True,
20250607,2025-06-07,2025,2,Q2 2025,6,June,Jun 2025,23,6,Saturday,False,False,
20250608,2025-06-08,2025,2,Q2 2025,6,June,Jun 2025,23,7,Sunday,False,False,
20250609,2025-06-09,2025,2,Q2 2025,6,June,Jun 2025,24,1,Monday,True,True,
20250610,2025-06-10,2025,2,Q2 2025,6,June,Jun 2025,24,2,Tuesday,True,True,
20250611,2025-06-11,2025,2,Q2 2025,6,June,Jun 2025,24,3,Wednesday,True,True,
20250612,2025-06-12,2025,2,Q2 2025,6,June,Jun 2025,24,4,Thursday,True,True,
20250613,2025-06-13,2025,2,Q2 2025,6,June,Jun 2025,24,5,Friday,True,True,
20250614,2025-06-14,2025,2,Q2 2025,6,June,Jun 2025,24,6,Saturday,False,False,
20250615,2025-06-15,2025,2,Q2 2025,6,June,Jun 2025,24,7,Sunday,False,False,
20250616,2025-06-16,2025,2,Q2 2025,6,June,Jun 2025,25,1,Monday,True,True,
20250617,2025-06-17,2025,2,Q2 2025,6,June,Jun 2025,25,2,Tuesday,True,True,
20250618,2025-06-18,2025,2,Q2 2025,6,June,Jun 2025,25,3,Wednesday,True,True,
20250619,2025-06-19,2025,2,Q2 2025,6,June,Jun 2025,25,4,Thursday,True,True,
20250620,2025-06-20,2025,2,Q2 2025,6,June,Jun 2025,25,5,Friday,True,True,
20250621,2025-06-21,2025,2,Q2 2025,6,June,Jun 2025,25,6,Saturday,False,False,
20250622,2025-06-22,2025,2,Q2 2025,6,June,Jun 2025,25,7,Sunday,False,False,
20250623,2025-06-23,2025,2,Q2 2025,6,June,Jun 2025,26,1,Monday,True,True,
20250624,2025-06-24,2025,2,Q2 2025,6,June,Jun 2025,26,2,Tuesday,True,True,
20250625,2025-06-25,2025,2,Q2 2025,6,June,Jun 2025,26,3,Wednesday,True,True,
20250626,2025-06-26,2025,2,Q2 2025,6,June,Jun 2025,26,4,Thursday,True,True,
20250627,2025-06-27,2025,2,Q2 2025,6,June,Jun 2025,26,5,Friday,True,True,
20250628,2025-06-28,2025,2,Q2 2025,6,June,Jun 2025,26,6,Saturday,False,False,
20250629,2025-06-29,2025,2,Q2 2025,6,June,Jun 2025,26,7,Sunday,False,False,
20250630,2025-06-30,2025,2,Q2 2025,6,June,Jun 2025,27,1,Monday,True,True,
20250701,2025-07-01,2025,3,Q3 2025,7,July,Jul 2025,27,2,Tuesday,True,True,
20250702,2025-07-02,2025,3,Q3 2025,7,July,Jul 2025,27,3,Wednesday,True,True,
20250703,2025-07-03,2025,3,Q3 2025,7,July,Jul 2025,27,4,Thursday,True,True,
20250704,2025-07-04,2025,3,Q3 2025,7,July,Jul 2025,27,5,Friday,True,True,
20250705,2025-07-05,2025,3,Q3 2025,7,July,Jul 2025,27,6,Saturday,False,False,
20250706,2025-07-06,2025,3,Q3 2025,7,July,Jul 2025,27,7,Sunday,False,False,
20250707,2025-07-07,2025,3,Q3 2025,7,July,Jul 2025,28,1,Monday,True,True,
20250708,2025-07-08,2025,3,Q3 2025,7,July,Jul 2025,28,2,Tuesday,True,True,
20250709,2025-07-09,2025,3,Q3 2025,7,July,Jul 2025,28,3,Wednesday,True,True,
20250710,2025-07-10,2025,3,Q3 2025,7,July,Jul 2025,28,4,Thursday,True,True,
20250711,2025-07-11,2025,3,Q3 2025,7,July,Jul 2025,28,5,Friday,True,True,
20250712,2025-07-12,2025,3,Q3 2025,7,July,Jul 2025,28,6,Saturday,False,False,
20250713,2025-07-13,2025,3,Q3 2025,7,July,Jul 2025,28,7,Sunday,False,False,
20250714,2025-07-14,2025,3,Q3 2025,7,July,Jul 2025,29,1,Monday,True,True,
20250715,2025-07-15,2025,3,Q3 2025,7,July,Jul 2025,29,2,Tuesday,True,True,
20250716,2025-07-16,2025,3,Q3 2025,7,July,Jul 2025,29,3,Wednesday,True,True,
20250717,2025-07-17,2025,3,Q3 2025,7,July,Jul 2025,29,4,Thursday,True,True,
20250718,2025-07-18,2025,3,Q3 2025,7,July,Jul 2025,29,5,Friday,True,True,
20250719,2025-07-19,2025,3,Q3 2025,7,July,Jul 2025,29,6,Saturday,False,False,
20250720,2025-07-20,2025,3,Q3 2025,7,July,Jul 2025,29,7,Sunday,False,False,
20250721,2025-07-21,2025,3,Q3 2025,7,July,Jul 2025,30,1,Monday,True,True,
20250722,2025-07-22,2025,3,Q3 2025,7,July,Jul 2025,30,2,Tuesday,True,True,
20250723,2025-07-23,2025,3,Q3 2025,7,July,Jul 2025,30,3,Wednesday,True,True,
20250724,2025-07-24,2025,3,Q3 2025,7,July,Jul 2025,30,4,Thursday,True,True,
20250725,2025-07-25,2025,3,Q3 2025,7,July,Jul 2025,30,5,Friday,True,True,
20250726,2025-07-26,2025,3,Q3 2025,7,July,Jul 2025,30,6,Saturday,False,False,
20250727,2025-07-27,2025,3,Q3 2025,7,July,Jul 2025,30,7,Sunday,False,False,
20250728,2025-07-28,2025,3,Q3 2025,7,July,Jul 2025,31,1,Monday,True,True,
20250729,2025-07-29,2025,3,Q3 2025,7,July,Jul 2025,31,2,Tuesday,True,True,
20250730,2025-07-30,2025,3,Q3 2025,7,July,Jul 2025,31,3,Wednesday,True,True,
20250731,2025-07-31,2025,3,Q3 2025,7,July,Jul 2025,31,4,Thursday,True,True,
20250801,2025-08-01,2025,3,Q3 2025,8,August,Aug 2025,31,5,Friday,True,True,
20250802,2025-08-02,2025,3,Q3 2025,8,August,Aug 2025,31,6,Saturday,False,False,
20250803,2025-08-03,2025,3,Q3 2025,8,August,Aug 2025,31,7,Sunday,False,False,
20250804,2025-08-04,2025,3,Q3 2025,8,August,Aug 2025,32,1,Monday,True,True,
20250805,2025-08-05,2025,3,Q3 2025,8,August,Aug 2025,32,2,Tuesday,True,True,
20250806,2025-08-06,2025,3,Q3 2025,8,August,Aug 2025,32,3,Wednesday,True,True,
20250807,2025-08-07,2025,3,Q3 2025,8,August,Aug 2025,32,4,Thursday,True,True,
20250808,2025-08-08,2025,3,Q3 2025,8,August,Aug 2025,32,5,Friday,True,True,
20250809,2025-08-09,2025,3,Q3 2025,8,August,Aug 2025,32,6,Saturday,False,False,
20250810,2025-08-10,2025,3,Q3 2025,8,August,Aug 2025,32,7,Sunday,False,False,
20250811,2025-08-11,2025,3,Q3 2025,8,August,Aug 2025,33,1,Monday,True,True,
20250812,2025-08-12,2025,3,Q3 2025,8,August,Aug 2025,33,2,Tuesday,True,True,
20250813,2025-08-13,2025,3,Q3 2025,8,August,Aug 2025,33,3,Wednesday,True,True,
20250814,2025-08-14,2025,3,Q3 2025,8,August,Aug 2025,33,4,Thursday,True,True,
20250815,2025-08-15,2025,3,Q3 2025,8,August,Aug 2025,33,5,Friday,True,False,Independence Day
20250816,2025-08-16,2025,3,Q3 2025,8,August,Aug 2025,33,6,Saturday,False,False,
20250817,2025-08-17,2025,3,Q3 2025,8,August,Aug 2025,33,7,Sunday,False,False,
20250818,2025-08-18,2025,3,Q3 2025,8,August,Aug 2025,34,1,Monday,True,True,
20250819,2025-08-19,2025,3,Q3 2025,8,August,Aug 2025,34,2,Tuesday,True,True,
20250820,2025-08-20,2025,3,Q3 2025,8,August,Aug 2025,34,3,Wednesday,True,True,
20250821,2025-08-21,2025,3,Q3 2025,8,August,Aug 2025,34,4,Thursday,True,True,
20250822,2025-08-22,2025,3,Q3 2025,8,August,Aug 2025,34,5,Friday,True,True,
20250823,2025-08-23,2025,3,Q3 2025,8,August,Aug 2025,34,6,Saturday,False,False,
20250824,2025-08-24,2025,3,Q3 2025,8,August,Aug 2025,34,7,Sunday,False,False,
20250825,2025-08-25,2025,3,Q3 2025,8,August,Aug 2025,35,1,Monday,True,True,
20250826,2025-08-26,2025,3,Q3 2025,8,August,Aug 2025,35,2,Tuesday,True,True,
20250827,2025-08-27,2025,3,Q3 2025,8,August,Aug 2025,35,3,Wednesday,True,True,
20250828,2025-08-28,2025,3,Q3 2025,8,August,Aug 2025,35,4,Thursday,True,True,
20250829,2025-08-29,2025,3,Q3 2025,8,August,Aug 2025,35,5,Friday,True,True,
20250830,2025-08-30,2025,3,Q3 2025,8,August,Aug 2025,35,6,Saturday,False,False,
20250831,2025-08-31,2025,3,Q3 2025,8,August,Aug 2025,35,7,Sunday,False,False,
20250901,2025-09-01,2025,3,Q3 2025,9,September,Sep 2025,36,1,Monday,True,True,
20250902,2025-09-02,2025,3,Q3 2025,9,September,Sep 2025,36,2,Tuesday,True,True,
20250903,2025-09-03,2025,3,Q3 2025,9,September,Sep 2025,36,3,Wednesday,True,True,
20250904,2025-09-04,2025,3,Q3 2025,9,September,Sep 2025,36,4,Thursday,True,True,
20250905,2025-09-05,2025,3,Q3 2025,9,September,Sep 2025,36,5,Friday,True,True,
20250906,2025-09-06,2025,3,Q3 2025,9,September,Sep 2025,36,6,Saturday,False,False,
20250907,2025-09-07,2025,3,Q3 2025,9,September,Sep 2025,36,7,Sunday,False,False,
20250908,2025-09-08,2025,3,Q3 2025,9,September,Sep 2025,37,1,Monday,True,True,
20250909,2025-09-09,2025,3,Q3 2025,9,September,Sep 2025,37,2,Tuesday,True,True,
20250910,2025-09-10,2025,3,Q3 2025,9,September,Sep 2025,37,3,Wednesday,True,True,
20250911,2025-09-11,2025,3,Q3 2025,9,September,Sep 2025,37,4,Thursday,True,True,
20250912,2025-09-12,2025,3,Q3 2025,9,September,Sep 2025,37,5,Friday,True,True,
20250913,2025-09-13,2025,3,Q3 2025,9,September,Sep 2025,37,6,Saturday,False,False,
20250914,2025-09-14,2025,3,Q3 2025,9,September,Sep 2025,37,7,Sunday,False,False,
20250915,2025-09-15,2025,3,Q3 2025,9,September,Sep 2025,38,1,Monday,True,True,
20250916,2025-09-16,2025,3,Q3 2025,9,September,Sep 2025,38,2,Tuesday,True,True,
20250917,2025-09-17,2025,3,Q3 2025,9,September,Sep 2025,38,3,Wednesday,True,True,
20250918,2025-09-18,2025,3,Q3 2025,9,September,Sep 2025,38,4,Thursday,True,True,
20250919,2025-09-19,2025,3,Q3 2025,9,September,Sep 2025,38,5,Friday,True,True,
20250920,2025-09-20,2025,3,Q3 2025,9,September,Sep 2025,38,6,Saturday,False,False,
20250921,2025-09-21,2025,3,Q3 2025,9,September,Sep 2025,38,7,Sunday,False,False,
20250922,2025-09-22,2025,3,Q3 2025,9,September,Sep 2025,39,1,Monday,True,True,
20250923,2025-09-23,2025,3,Q3 2025,9,September,Sep 2025,39,2,Tuesday,True,True,
20250924,2025-09-24,2025,3,Q3 2025,9,September,Sep 2025,39,3,Wednesday,True,True,
20250925,2025-09-25,2025,3,Q3 2025,9,September,Sep 2025,39,4,Thursday,True,True,
20250926,2025-09-26,2025,3,Q3 2025,9,September,Sep 2025,39,5,Friday,True,True,
20250927,2025-09-27,2025,3,Q3 2025,9,September,Sep 2025,39,6,Saturday,False,False,
20250928,2025-09-28,2025,3,Q3 2025,9,September,Sep 2025,39,7,Sunday,False,False,
20250929,2025-09-29,2025,3,Q3 2025,9,September,Sep 2025,40,1,Monday,True,True,
20250930,2025-09-30,2025,3,Q3 2025,9,September,Sep 2025,40,2,Tuesday,True,True,
20251001,2025-10-01,2025,4,Q4 2025,10,October,Oct 2025,40,3,Wednesday,True,True,
20251002,2025-10-02,2025,4,Q4 2025,10,October,Oct 2025,40,4,Thursday,True,True,
20251003,2025-10-03,2025,4,Q4 2025,10,October,Oct 2025,40,5,Friday,True,True,
20251004,2025-10-04,2025,4,Q4 2025,10,October,Oct 2025,40,6,Saturday,False,False,
20251005,2025-10-05,2025,4,Q4 2025,10,October,Oct 2025,40,7,Sunday,False,False,
20251006,2025-10-06,2025,4,Q4 2025,10,October,Oct 2025,41,1,Monday,True,True,
20251007,2025-10-07,2025,4,Q4 2025,10,October,Oct 2025,41,2,Tuesday,True,True,
20251008,2025-10-08,2025,4,Q4 2025,10,October,Oct 2025,41,3,Wednesday,True,True,
20251009,2025-10-09,2025,4,Q4 2025,10,October,Oct 2025,41,4,Thursday,True,True,
20251010,2025-10-10,2025,4,Q4 2025,10,October,Oct 2025,41,5,Friday,True,True,
20251011,2025-10-11,2025,4,Q4 2025,10,October,Oct 2025,41,6,Saturday,False,False,
20251012,2025-10-12,2025,4,Q4 2025,10,October,Oct 2025,41,7,Sunday,False,False,
20251013,2025-10-13,2025,4,Q4 2025,10,October,Oct 2025,42,1,Monday,True,True,
20251014,2025-10-14,2025,4,Q4 2025,10,October,Oct 2025,42,2,Tuesday,True,True,
20251015,2025-10-15,2025,4,Q4 2025,10,October,Oct 2025,42,3,Wednesday,True,True,
20251016,2025-10-16,2025,4,Q4 2025,10,October,Oct 2025,42,4,Thursday,True,True,
20251017,2025-10-17,2025,4,Q4 2025,10,October,Oct 2025,42,5,Friday,True,True,
20251018,2025-10-18,2025,4,Q4 2025,10,October,Oct 2025,42,6,Saturday,False,False,
20251019,2025-10-19,2025,4,Q4 2025,10,October,Oct 2025,42,7,Sunday,False,False,
20251020,2025-10-20,2025,4,Q4 2025,10,October,Oct 2025,43,1,Monday,True,False,Diwali
20251021,2025-10-21,2025,4,Q4 2025,10,October,Oct 2025,43,2,Tuesday,True,False,Diwali Holiday
20251022,2025-10-22,2025,4,Q4 2025,10,October,Oct 2025,43,3,Wednesday,True,True,
20251023,2025-10-23,2025,4,Q4 2025,10,October,Oct 2025,43,4,Thursday,True,True,
20251024,2025-10-24,2025,4,Q4 2025,10,October,Oct 2025,43,5,Friday,True,True,
20251025,2025-10-25,2025,4,Q4 2025,10,October,Oct 2025,43,6,Saturday,False,False,
20251026,2025-10-26,2025,4,Q4 2025,10,October,Oct 2025,43,7,Sunday,False,False,
20251027,2025-10-27,2025,4,Q4 2025,10,October,Oct 2025,44,1,Monday,True,True,
20251028,2025-10-28,2025,4,Q4 2025,10,October,Oct 2025,44,2,Tuesday,True,True,
20251029,2025-10-29,2025,4,Q4 2025,10,October,Oct 2025,44,3,Wednesday,True,True,
20251030,2025-10-30,2025,4,Q4 2025,10,October,Oct 2025,44,4,Thursday,True,True,
20251031,2025-10-31,2025,4,Q4 2025,10,October,Oct 2025,44,5,Friday,True,True,
20251101,2025-11-01,2025,4,Q4 2025,11,November,Nov 2025,44,6,Saturday,False,False,
20251102,2025-11-02,2025,4,Q4 2025,11,November,Nov 2025,44,7,Sunday,False,False,
20251103,2025-11-03,2025,4,Q4 2025,11,November,Nov 2025,45,1,Monday,True,True,
20251104,2025-11-04,2025,4,Q4 2025,11,November,Nov 2025,45,2,Tuesday,True,True,
20251105,2025-11-05,2025,4,Q4 2025,11,November,Nov 2025,45,3,Wednesday,True,True,
20251106,2025-11-06,2025,4,Q4 2025,11,November,Nov 2025,45,4,Thursday,True,True,
20251107,2025-11-07,2025,4,Q4 2025,11,November,Nov 2025,45,5,Friday,True,True,
20251108,2025-11-08,2025,4,Q4 2025,11,November,Nov 2025,45,6,Saturday,False,False,
20251109,2025-11-09,2025,4,Q4 2025,11,November,Nov 2025,45,7,Sunday,False,False,
20251110,2025-11-10,2025,4,Q4 2025,11,November,Nov 2025,46,1,Monday,True,True,
20251111,2025-11-11,2025,4,Q4 2025,11,November,Nov 2025,46,2,Tuesday,True,True,
20251112,2025-11-12,2025,4,Q4 2025,11,November,Nov 2025,46,3,Wednesday,True,True,
20251113,2025-11-13,2025,4,Q4 2025,11,November,Nov 2025,46,4,Thursday,True,True,
20251114,2025-11-14,2025,4,Q4 2025,11,November,Nov 2025,46,5,Friday,True,True,
20251115,2025-11-15,2025,4,Q4 2025,11,November,Nov 2025,46,6,Saturday,False,False,
20251116,2025-11-16,2025,4,Q4 2025,11,November,Nov 2025,46,7,Sunday,False,False,
20251117,2025-11-17,2025,4,Q4 2025,11,November,Nov 2025,47,1,Monday,True,True,
20251118,2025-11-18,2025,4,Q4 2025,11,November,Nov 2025,47,2,Tuesday,True,True,
20251119,2025-11-19,2025,4,Q4 2025,11,November,Nov 2025,47,3,Wednesday,True,True,
20251120,2025-11-20,2025,4,Q4 2025,11,November,Nov 2025,47,4,Thursday,True,True,
20251121,2025-11-21,2025,4,Q4 2025,11,November,Nov 2025,47,5,Friday,True,True,
20251122,2025-11-22,2025,4,Q4 2025,11,November,Nov 2025,47,6,Saturday,False,False,
20251123,2025-11-23,2025,4,Q4 2025,11,November,Nov 2025,47,7,Sunday,False,False,
20251124,2025-11-24,2025,4,Q4 2025,11,November,Nov 2025,48,1,Monday,True,True,
20251125,2025-11-25,2025,4,Q4 2025,11,November,Nov 2025,48,2,Tuesday,True,True,
20251126,2025-11-26,2025,4,Q4 2025,11,November,Nov 2025,48,3,Wednesday,True,True,
20251127,2025-11-27,2025,4,Q4 2025,11,November,Nov 2025,48,4,Thursday,True,True,
20251128,2025-11-28,2025,4,Q4 2025,11,November,Nov 2025,48,5,Friday,True,True,
20251129,2025-11-29,2025,4,Q4 2025,11,November,Nov 2025,48,6,Saturday,False,False,
20251130,2025-11-30,2025,4,Q4 2025,11,November,Nov 2025,48,7,Sunday,False,False,
20251201,2025-12-01,2025,4,Q4 2025,12,December,Dec 2025,49,1,Monday,True,True,
20251202,2025-12-02,2025,4,Q4 2025,12,December,Dec 2025,49,2,Tuesday,True,True,
20251203,2025-12-03,2025,4,Q4 2025,12,December,Dec 2025,49,3,Wednesday,True,True,
20251204,2025-12-04,2025,4,Q4 2025,12,December,Dec 2025,49,4,Thursday,True,True,
20251205,2025-12-05,2025,4,Q4 2025,12,December,Dec 2025,49,5,Friday,True,True,
20251206,2025-12-06,2025,4,Q4 2025,12,December,Dec 2025,49,6,Saturday,False,False,
20251207,2025-12-07,2025,4,Q4 2025,12,December,Dec 2025,49,7,Sunday,False,False,
20251208,2025-12-08,2025,4,Q4 2025,12,December,Dec 2025,50,1,Monday,True,True,
20251209,2025-12-09,2025,4,Q4 2025,12,December,Dec 2025,50,2,Tuesday,True,True,
20251210,2025-12-10,2025,4,Q4 2025,12,December,Dec 2025,50,3,Wednesday,True,True,
20251211,2025-12-11,2025,4,Q4 2025,12,December,Dec 2025,50,4,Thursday,True,True,
20251212,2025-12-12,2025,4,Q4 2025,12,December,Dec 2025,50,5,Friday,True,True,
20251213,2025-12-13,2025,4,Q4 2025,12,December,Dec 2025,50,6,Saturday,False,False,
20251214,2025-12-14,2025,4,Q4 2025,12,December,Dec 2025,50,7,Sunday,False,False,
20251215,2025-12-15,2025,4,Q4 2025,12,December,Dec 2025,51,1,Monday,True,True,
20251216,2025-12-16,2025,4,Q4 2025,12,December,Dec 2025,51,2,Tuesday,True,True,
20251217,2025-12-17,2025,4,Q4 2025,12,December,Dec 2025,51,3,Wednesday,True,True,
20251218,2025-12-18,2025,4,Q4 2025,12,December,Dec 2025,51,4,Thursday,True,True,
20251219,2025-12-19,2025,4,Q4 2025,12,December,Dec 2025,51,5,Friday,True,True,
20251220,2025-12-20,2025,4,Q4 2025,12,December,Dec 2025,51,6,Saturday,False,False,
20251221,2025-12-21,2025,4,Q4 2025,12,December,Dec 2025,51,7,Sunday,False,False,
20251222,2025-12-22,2025,4,Q4 2025,12,December,Dec 2025,52,1,Monday,True,True,
20251223,2025-12-23,2025,4,Q4 2025,12,December,Dec 2025,52,2,Tuesday,True,True,
20251224,2025-12-24,2025,4,Q4 2025,12,December,Dec 2025,52,3,Wednesday,True,True,
20251225,2025-12-25,2025,4,Q4 2025,12,December,Dec 2025,52,4,Thursday,True,False,Christmas Day
20251226,2025-12-26,2025,4,Q4 2025,12,December,Dec 2025,52,5,Friday,True,True,
20251227,2025-12-27,2025,4,Q4 2025,12,December,Dec 2025,52,6,Saturday,False,False,
20251228,2025-12-28,2025,4,Q4 2025,12,December,Dec 2025,52,7,Sunday,False,False,
20251229,2025-12-29,2025,4,Q4 2025,12,December,Dec 2025,1,1,Monday,True,True,
20251230,2025-12-30,2025,4,Q4 2025,12,December,Dec 2025,1,2,Tuesday,True,True,
20251231,2025-12-31,2025,4,Q4 2025,12,December,Dec 2025,1,3,Wednesday,True,True,
20260101,2026-01-01,2026,1,Q1 2026,1,January,Jan 2026,1,4,Thursday,True,False,New Year's Day
20260102,2026-01-02,2026,1,Q1 2026,1,January,Jan 2026,1,5,Friday,True,True,
20260103,2026-01-03,2026,1,Q1 2026,1,January,Jan 2026,1,6,Saturday,False,False,
20260104,2026-01-04,2026,1,Q1 2026,1,January,Jan 2026,1,7,Sunday,False,False,
20260105,2026-01-05,2026,1,Q1 2026,1,January,Jan 2026,2,1,Monday,True,True,
20260106,2026-01-06,2026,1,Q1 2026,1,January,Jan 2026,2,2,Tuesday,True,True,
20260107,2026-01-07,2026,1,Q1 2026,1,January,Jan 2026,2,3,Wednesday,True,True,
20260108,2026-01-08,2026,1,Q1 2026,1,January,Jan 2026,2,4,Thursday,True,True,
20260109,2026-01-09,2026,1,Q1 2026,1,January,Jan 2026,2,5,Friday,True,True,
20260110,2026-01-10,2026,1,Q1 2026,1,January,Jan 2026,2,6,Saturday,False,False,
20260111,2026-01-11,2026,1,Q1 2026,1,January,Jan 2026,2,7,Sunday,False,False,
20260112,2026-01-12,2026,1,Q1 2026,1,January,Jan 2026,3,1,Monday,True,True,
20260113,2026-01-13,2026,1,Q1 2026,1,January,Jan 2026,3,2,Tuesday,True,True,
20260114,2026-01-14,2026,1,Q1 2026,1,January,Jan 2026,3,3,Wednesday,True,True,
20260115,2026-01-15,2026,1,Q1 2026,1,January,Jan 2026,3,4,Thursday,True,True,
20260116,2026-01-16,2026,1,Q1 2026,1,January,Jan 2026,3,5,Friday,True,True,
20260117,2026-01-17,2026,1,Q1 2026,1,January,Jan 2026,3,6,Saturday,False,False,
20260118,2026-01-18,2026,1,Q1 2026,1,January,Jan 2026,3,7,Sunday,False,False,
20260119,2026-01-19,2026,1,Q1 2026,1,January,Jan 2026,4,1,Monday,True,True,
20260120,2026-01-20,2026,1,Q1 2026,1,January,Jan 2026,4,2,Tuesday,True,True,
20260121,2026-01-21,2026,1,Q1 2026,1,January,Jan 2026,4,3,Wednesday,True,True,
20260122,2026-01-22,2026,1,Q1 2026,1,January,Jan 2026,4,4,Thursday,True,True,
20260123,2026-01-23,2026,1,Q1 2026,1,January,Jan 2026,4,5,Friday,True,True,
20260124,2026-01-24,2026,1,Q1 2026,1,January,Jan 2026,4,6,Saturday,False,False,
20260125,2026-01-25,2026,1,Q1 2026,1,January,Jan 2026,4,7,Sunday,False,False,
20260126,2026-01-26,2026,1,Q1 2026,1,January,Jan 2026,5,1,Monday,True,False,Republic Day
20260127,2026-01-27,2026,1,Q1 2026,1,January,Jan 2026,5,2,Tuesday,True,True,
20260128,2026-01-28,2026,1,Q1 2026,1,January,Jan 2026,5,3,Wednesday,True,True,
20260129,2026-01-29,2026,1,Q1 2026,1,January,Jan 2026,5,4,Thursday,True,True,
20260130,2026-01-30,2026,1,Q1 2026,1,January,Jan 2026,5,5,Friday,True,True,
20260131,2026-01-31,2026,1,Q1 2026,1,January,Jan 2026,5,6,Saturday,False,False,
20260201,2026-02-01,2026,1,Q1 2026,2,February,Feb 2026,5,7,Sunday,False,False,
20260202,2026-02-02,2026,1,Q1 2026,2,February,Feb 2026,6,1,Monday,True,True,
20260203,2026-02-03,2026,1,Q1 2026,2,February,Feb 2026,6,2,Tuesday,True,True,
20260204,2026-02-04,2026,1,Q1 2026,2,February,Feb 2026,6,3,Wednesday,True,True,
20260205,2026-02-05,2026,1,Q1 2026,2,February,Feb 2026,6,4,Thursday,True,True,
20260206,2026-02-06,2026,1,Q1 2026,2,February,Feb 2026,6,5,Friday,True,True,
20260207,2026-02-07,2026,1,Q1 2026,2,February,Feb 2026,6,6,Saturday,False,False,
20260208,2026-02-08,2026,1,Q1 2026,2,February,Feb 2026,6,7,Sunday,False,False,
20260209,2026-02-09,2026,1,Q1 2026,2,February,Feb 2026,7,1,Monday,True,True,
20260210,2026-02-10,2026,1,Q1 2026,2,February,Feb 2026,7,2,Tuesday,True,True,
20260211,2026-02-11,2026,1,Q1 2026,2,February,Feb 2026,7,3,Wednesday,True,True,
20260212,2026-02-12,2026,1,Q1 2026,2,February,Feb 2026,7,4,Thursday,True,True,
20260213,2026-02-13,2026,1,Q1 2026,2,February,Feb 2026,7,5,Friday,True,True,
20260214,2026-02-14,2026,1,Q1 2026,2,February,Feb 2026,7,6,Saturday,False,False,
20260215,2026-02-15,2026,1,Q1 2026,2,February,Feb 2026,7,7,Sunday,False,False,
20260216,2026-02-16,2026,1,Q1 2026,2,February,Feb 2026,8,1,Monday,True,True,
20260217,2026-02-17,2026,1,Q1 2026,2,February,Feb 2026,8,2,Tuesday,True,False,Lunar New Year
20260218,2026-02-18,2026,1,Q1 2026,2,February,Feb 2026,8,3,Wednesday,True,False,Lunar New Year Holiday
20260219,2026-02-19,2026,1,Q1 2026,2,February,Feb 2026,8,4,Thursday,True,True,
20260220,2026-02-20,2026,1,Q1 2026,2,February,Feb 2026,8,5,Friday,True,True,
20260221,2026-02-21,2026,1,Q1 2026,2,February,Feb 2026,8,6,Saturday,False,False,
20260222,2026-02-22,2026,1,Q1 2026,2,February,Feb 2026,8,7,Sunday,False,False,
20260223,2026-02-23,2026,1,Q1 2026,2,February,Feb 2026,9,1,Monday,True,True,
20260224,2026-02-24,2026,1,Q1 2026,2,February,Feb 2026,9,2,Tuesday,True,True,
20260225,2026-02-25,2026,1,Q1 2026,2,February,Feb 2026,9,3,Wednesday,True,True,
20260226,2026-02-26,2026,1,Q1 2026,2,February,Feb 2026,9,4,Thursday,True,True,
20260227,2026-02-27,2026,1,Q1 2026,2,February,Feb 2026,9,5,Friday,True,True,
20260228,2026-02-28,2026,1,Q1 2026,2,February,Feb 2026,9,6,Saturday,False,False,
20260301,2026-03-01,2026,1,Q1 2026,3,March,Mar 2026,9,7,Sunday,False,False,
20260302,2026-03-02,2026,1,Q1 2026,3,March,Mar 2026,10,1,Monday,True,True,
20260303,2026-03-03,2026,1,Q1 2026,3,March,Mar 2026,10,2,Tuesday,True,True,
20260304,2026-03-04,2026,1,Q1 2026,3,March,Mar 2026,10,3,Wednesday,True,True,
20260305,2026-03-05,2026,1,Q1 2026,3,March,Mar 2026,10,4,Thursday,True,True,
20260306,2026-03-06,2026,1,Q1 2026,3,March,Mar 2026,10,5,Friday,True,True,
20260307,2026-03-07,2026,1,Q1 2026,3,March,Mar 2026,10,6,Saturday,False,False,
20260308,2026-03-08,2026,1,Q1 2026,3,March,Mar 2026,10,7,Sunday,False,False,
20260309,2026-03-09,2026,1,Q1 2026,3,March,Mar 2026,11,1,Monday,True,True,
20260310,2026-03-10,2026,1,Q1 2026,3,March,Mar 2026,11,2,Tuesday,True,True,
20260311,2026-03-11,2026,1,Q1 2026,3,March,Mar 2026,11,3,Wednesday,True,True,
20260312,2026-03-12,2026,1,Q1 2026,3,March,Mar 2026,11,4,Thursday,True,True,
20260313,2026-03-13,2026,1,Q1 2026,3,March,Mar 2026,11,5,Friday,True,True,
20260314,2026-03-14,2026,1,Q1 2026,3,March,Mar 2026,11,6,Saturday,False,False,
20260315,2026-03-15,2026,1,Q1 2026,3,March,Mar 2026,11,7,Sunday,False,False,
20260316,2026-03-16,2026,1,Q1 2026,3,March,Mar 2026,12,1,Monday,True,True,
20260317,2026-03-17,2026,1,Q1 2026,3,March,Mar 2026,12,2,Tuesday,True,True,
20260318,2026-03-18,2026,1,Q1 2026,3,March,Mar 2026,12,3,Wednesday,True,True,
20260319,2026-03-19,2026,1,Q1 2026,3,March,Mar 2026,12,4,Thursday,True,True,
20260320,2026-03-20,2026,1,Q1 2026,3,March,Mar 2026,12,5,Friday,True,True,
20260321,2026-03-21,2026,1,Q1 2026,3,March,Mar 2026,12,6,Saturday,False,False,
20260322,2026-03-22,2026,1,Q1 2026,3,March,Mar 2026,12,7,Sunday,False,False,
20260323,2026-03-23,2026,1,Q1 2026,3,March,Mar 2026,13,1,Monday,True,True,
20260324,2026-03-24,2026,1,Q1 2026,3,March,Mar 2026,13,2,Tuesday,True,True,
20260325,2026-03-25,2026,1,Q1 2026,3,March,Mar 2026,13,3,Wednesday,True,True,
20260326,2026-03-26,2026,1,Q1 2026,3,March,Mar 2026,13,4,Thursday,True,True,
20260327,2026-03-27,2026,1,Q1 2026,3,March,Mar 2026,13,5,Friday,True,True,
20260328,2026-03-28,2026,1,Q1 2026,3,March,Mar 2026,13,6,Saturday,False,False,
20260329,2026-03-29,2026,1,Q1 2026,3,March,Mar 2026,13,7,Sunday,False,False,
20260330,2026-03-30,2026,1,Q1 2026,3,March,Mar 2026,14,1,Monday,True,True,
20260331,2026-03-31,2026,1,Q1 2026,3,March,Mar 2026,14,2,Tuesday,True,True,
20260401,2026-04-01,2026,2,Q2 2026,4,April,Apr 2026,14,3,Wednesday,True,True,
20260402,2026-04-02,2026,2,Q2 2026,4,April,Apr 2026,14,4,Thursday,True,True,
20260403,2026-04-03,2026,2,Q2 2026,4,April,Apr 2026,14,5,Friday,True,False,Good Friday
20260404,2026-04-04,2026,2,Q2 2026,4,April,Apr 2026,14,6,Saturday,False,False,
20260405,2026-04-05,2026,2,Q2 2026,4,April,Apr 2026,14,7,Sunday,False,False,
20260406,2026-04-06,2026,2,Q2 2026,4,April,Apr 2026,15,1,Monday,True,True,
20260407,2026-04-07,2026,2,Q2 2026,4,April,Apr 2026,15,2,Tuesday,True,True,
20260408,2026-04-08,2026,2,Q2 2026,4,April,Apr 2026,15,3,Wednesday,True,True,
20260409,2026-04-09,2026,2,Q2 2026,4,April,Apr 2026,15,4,Thursday,True,True,
20260410,2026-04-10,2026,2,Q2 2026,4,April,Apr 2026,15,5,Friday,True,True,
20260411,2026-04-11,2026,2,Q2 2026,4,April,Apr 2026,15,6,Saturday,False,False,
20260412,2026-04-12,2026,2,Q2 2026,4,April,Apr 2026,15,7,Sunday,False,False,
20260413,2026-04-13,2026,2,Q2 2026,4,April,Apr 2026,16,1,Monday,True,True,
20260414,2026-04-14,2026,2,Q2 2026,4,April,Apr 2026,16,2,Tuesday,True,True,
20260415,2026-04-15,2026,2,Q2 2026,4,April,Apr 2026,16,3,Wednesday,True,True,
20260416,2026-04-16,2026,2,Q2 2026,4,April,Apr 2026,16,4,Thursday,True,True,
20260417,2026-04-17,2026,2,Q2 2026,4,April,Apr 2026,16,5,Friday,True,True,
20260418,2026-04-18,2026,2,Q2 2026,4,April,Apr 2026,16,6,Saturday,False,False,
20260419,2026-04-19,2026,2,Q2 2026,4,April,Apr 2026,16,7,Sunday,False,False,
20260420,2026-04-20,2026,2,Q2 2026,4,April,Apr 2026,17,1,Monday,True,True,
20260421,2026-04-21,2026,2,Q2 2026,4,April,Apr 2026,17,2,Tuesday,True,True,
20260422,2026-04-22,2026,2,Q2 2026,4,April,Apr 2026,17,3,Wednesday,True,True,
20260423,2026-04-23,2026,2,Q2 2026,4,April,Apr 2026,17,4,Thursday,True,True,
20260424,2026-04-24,2026,2,Q2 2026,4,April,Apr 2026,17,5,Friday,True,True,
20260425,2026-04-25,2026,2,Q2 2026,4,April,Apr 2026,17,6,Saturday,False,False,
20260426,2026-04-26,2026,2,Q2 2026,4,April,Apr 2026,17,7,Sunday,False,False,
20260427,2026-04-27,2026,2,Q2 2026,4,April,Apr 2026,18,1,Monday,True,True,
20260428,2026-04-28,2026,2,Q2 2026,4,April,Apr 2026,18,2,Tuesday,True,True,
20260429,2026-04-29,2026,2,Q2 2026,4,April,Apr 2026,18,3,Wednesday,True,True,
20260430,2026-04-30,2026,2,Q2 2026,4,April,Apr 2026,18,4,Thursday,True,True,
20260501,2026-05-01,2026,2,Q2 2026,5,May,May 2026,18,5,Friday,True,False,Labour Day
20260502,2026-05-02,2026,2,Q2 2026,5,May,May 2026,18,6,Saturday,False,False,
20260503,2026-05-03,2026,2,Q2 2026,5,May,May 2026,18,7,Sunday,False,False,
20260504,2026-05-04,2026,2,Q2 2026,5,May,May 2026,19,1,Monday,True,True,
20260505,2026-05-05,2026,2,Q2 2026,5,May,May 2026,19,2,Tuesday,True,True,
20260506,2026-05-06,2026,2,Q2 2026,5,May,May 2026,19,3,Wednesday,True,True,
20260507,2026-05-07,2026,2,Q2 2026,5,May,May 2026,19,4,Thursday,True,True,
20260508,2026-05-08,2026,2,Q2 2026,5,May,May 2026,19,5,Friday,True,True,
20260509,2026-05-09,2026,2,Q2 2026,5,May,May 2026,19,6,Saturday,False,False,
20260510,2026-05-10,2026,2,Q2 2026,5,May,May 2026,19,7,Sunday,False,False,
20260511,2026-05-11,2026,2,Q2 2026,5,May,May 2026,20,1,Monday,True,True,
20260512,2026-05-12,2026,2,Q2 2026,5,May,May 2026,20,2,Tuesday,True,True,
20260513,2026-05-13,2026,2,Q2 2026,5,May,May 2026,20,3,Wednesday,True,True,
20260514,2026-05-14,2026,2,Q2 2026,5,May,May 2026,20,4,Thursday,True,True,
20260515,2026-05-15,2026,2,Q2 2026,5,May,May 2026,20,5,Friday,True,True,
20260516,2026-05-16,2026,2,Q2 2026,5,May,May 2026,20,6,Saturday,False,False,
20260517,2026-05-17,2026,2,Q2 2026,5,May,May 2026,20,7,Sunday,False,False,
20260518,2026-05-18,2026,2,Q2 2026,5,May,May 2026,21,1,Monday,True,True,
20260519,2026-05-19,2026,2,Q2 2026,5,May,May 2026,21,2,Tuesday,True,True,
20260520,2026-05-20,2026,2,Q2 2026,5,May,May 2026,21,3,Wednesday,True,True,
20260521,2026-05-21,2026,2,Q2 2026,5,May,May 2026,21,4,Thursday,True,True,
20260522,2026-05-22,2026,2,Q2 2026,5,May,May 2026,21,5,Friday,True,True,
20260523,2026-05-23,2026,2,Q2 2026,5,May,May 2026,21,6,Saturday,False,False,
20260524,2026-05-24,2026,2,Q2 2026,5,May,May 2026,21,7,Sunday,False,False,
20260525,2026-05-25,2026,2,Q2 2026,5,May,May 2026,22,1,Monday,True,True,
20260526,2026-05-26,2026,2,Q2 2026,5,May,May 2026,22,2,Tuesday,True,True,
20260527,2026-05-27,2026,2,Q2 2026,5,May,May 2026,22,3,Wednesday,True,True,
20260528,2026-05-28,2026,2,Q2 2026,5,May,May 2026,22,4,Thursday,True,True,
20260529,2026-05-29,2026,2,Q2 2026,5,May,May 2026,22,5,Friday,True,True,
20260530,2026-05-30,2026,2,Q2 2026,5,May,May 2026,22,6,Saturday,False,False,
20260531,2026-05-31,2026,2,Q2 2026,5,May,May 2026,22,7,Sunday,False,False,
20260601,2026-06-01,2026,2,Q2 2026,6,June,Jun 2026,23,1,Monday,True,True,
20260602,2026-06-02,2026,2,Q2 2026,6,June,Jun 2026,23,2,Tuesday,True,True,
20260603,2026-06-03,2026,2,Q2 2026,6,June,Jun 2026,23,3,Wednesday,True,True,
20260604,2026-06-04,2026,2,Q2 2026,6,June,Jun 2026,23,4,Thursday,True,True,
20260605,2026-06-05,2026,2,Q2 2026,6,June,Jun 2026,23,5,Friday,True,True,
20260606,2026-06-06,2026,2,Q2 2026,6,June,Jun 2026,23,6,Saturday,False,False,
20260607,2026-06-07,2026,2,Q2 2026,6,June,Jun 2026,23,7,Sunday,False,False,
20260608,2026-06-08,2026,2,Q2 2026,6,June,Jun 2026,24,1,Monday,True,True,
20260609,2026-06-09,2026,2,Q2 2026,6,June,Jun 2026,24,2,Tuesday,True,True,
20260610,2026-06-10,2026,2,Q2 2026,6,June,Jun 2026,24,3,Wednesday,True,True,
20260611,2026-06-11,2026,2,Q2 2026,6,June,Jun 2026,24,4,Thursday,True,True,
20260612,2026-06-12,2026,2,Q2 2026,6,June,Jun 2026,24,5,Friday,True,True,
20260613,2026-06-13,2026,2,Q2 2026,6,June,Jun 2026,24,6,Saturday,False,False,
20260614,2026-06-14,2026,2,Q2 2026,6,June,Jun 2026,24,7,Sunday,False,False,
20260615,2026-06-15,2026,2,Q2 2026,6,June,Jun 2026,25,1,Monday,True,True,
20260616,2026-06-16,2026,2,Q2 2026,6,June,Jun 2026,25,2,Tuesday,True,True,
20260617,2026-06-17,2026,2,Q2 2026,6,June,Jun 2026,25,3,Wednesday,True,True,
20260618,2026-06-18,2026,2,Q2 2026,6,June,Jun 2026,25,4,Thursday,True,True,
20260619,2026-06-19,2026,2,Q2 2026,6,June,Jun 2026,25,5,Friday,True,True,
20260620,2026-06-20,2026,2,Q2 2026,6,June,Jun 2026,25,6,Saturday,False,False,
20260621,2026-06-21,2026,2,Q2 2026,6,June,Jun 2026,25,7,Sunday,False,False,
20260622,2026-06-22,2026,2,Q2 2026,6,June,Jun 2026,26,1,Monday,True,True,
20260623,2026-06-23,2026,2,Q2 2026,6,June,Jun 2026,26,2,Tuesday,True,True,
20260624,2026-06-24,2026,2,Q2 2026,6,June,Jun 2026,26,3,Wednesday,True,True,
20260625,2026-06-25,2026,2,Q2 2026,6,June,Jun 2026,26,4,Thursday,True,True,
20260626,2026-06-26,2026,2,Q2 2026,6,June,Jun 2026,26,5,Friday,True,True,
20260627,2026-06-27,2026,2,Q2 2026,6,June,Jun 2026,26,6,Saturday,False,False,
20260628,2026-06-28,2026,2,Q2 2026,6,June,Jun 2026,26,7,Sunday,False,False,
20260629,2026-06-29,2026,2,Q2 2026,6,June,Jun 2026,27,1,Monday,True,True,
20260630,2026-06-30,2026,2,Q2 2026,6,June,Jun 2026,27,2,Tuesday,True,True,
20260701,2026-07-01,2026,3,Q3 2026,7,July,Jul 2026,27,3,Wednesday,True,True,
20260702,2026-07-02,2026,3,Q3 2026,7,July,Jul 2026,27,4,Thursday,True,True,
20260703,2026-07-03,2026,3,Q3 2026,7,July,Jul 2026,27,5,Friday,True,True,
20260704,2026-07-04,2026,3,Q3 2026,7,July,Jul 2026,27,6,Saturday,False,False,
20260705,2026-07-05,2026,3,Q3 2026,7,July,Jul 2026,27,7,Sunday,False,False,
20260706,2026-07-06,2026,3,Q3 2026,7,July,Jul 2026,28,1,Monday,True,True,
20260707,2026-07-07,2026,3,Q3 2026,7,July,Jul 2026,28,2,Tuesday,True,True,
20260708,2026-07-08,2026,3,Q3 2026,7,July,Jul 2026,28,3,Wednesday,True,True,
20260709,2026-07-09,2026,3,Q3 2026,7,July,Jul 2026,28,4,Thursday,True,True,
20260710,2026-07-10,2026,3,Q3 2026,7,July,Jul 2026,28,5,Friday,True,True,
20260711,2026-07-11,2026,3,Q3 2026,7,July,Jul 2026,28,6,Saturday,False,False,
20260712,2026-07-12,2026,3,Q3 2026,7,July,Jul 2026,28,7,Sunday,False,False,
20260713,2026-07-13,2026,3,Q3 2026,7,July,Jul 2026,29,1,Monday,True,True,
20260714,2026-07-14,2026,3,Q3 2026,7,July,Jul 2026,29,2,Tuesday,True,True,
20260715,2026-07-15,2026,3,Q3 2026,7,July,Jul 2026,29,3,Wednesday,True,True,
20260716,2026-07-16,2026,3,Q3 2026,7,July,Jul 2026,29,4,Thursday,True,True,
20260717,2026-07-17,2026,3,Q3 2026,7,July,Jul 2026,29,5,Friday,True,True,
20260718,2026-07-18,2026,3,Q3 2026,7,July,Jul 2026,29,6,Saturday,False,False,
20260719,2026-07-19,2026,3,Q3 2026,7,July,Jul 2026,29,7,Sunday,False,False,
20260720,2026-07-20,2026,3,Q3 2026,7,July,Jul 2026,30,1,Monday,True,True,
20260721,2026-07-21,2026,3,Q3 2026,7,July,Jul 2026,30,2,Tuesday,True,True,
20260722,2026-07-22,2026,3,Q3 2026,7,July,Jul 2026,30,3,Wednesday,True,True,
20260723,2026-07-23,2026,3,Q3 2026,7,July,Jul 2026,30,4,Thursday,True,True,
20260724,2026-07-24,2026,3,Q3 2026,7,July,Jul 2026,30,5,Friday,True,True,
20260725,2026-07-25,2026,3,Q3 2026,7,July,Jul 2026,30,6,Saturday,False,False,
20260726,2026-07-26,2026,3,Q3 2026,7,July,Jul 2026,30,7,Sunday,False,False,
20260727,2026-07-27,2026,3,Q3 2026,7,July,Jul 2026,31,1,Monday,True,True,
20260728,2026-07-28,2026,3,Q3 2026,7,July,Jul 2026,31,2,Tuesday,True,True,
20260729,2026-07-29,2026,3,Q3 2026,7,July,Jul 2026,31,3,Wednesday,True,True,
20260730,2026-07-30,2026,3,Q3 2026,7,July,Jul 2026,31,4,Thursday,True,True,
20260731,2026-07-31,2026,3,Q3 2026,7,July,Jul 2026,31,5,Friday,True,True,
20260801,2026-08-01,2026,3,Q3 2026,8,August,Aug 2026,31,6,Saturday,False,False,
20260802,2026-08-02,2026,3,Q3 2026,8,August,Aug 2026,31,7,Sunday,False,False,
20260803,2026-08-03,2026,3,Q3 2026,8,August,Aug 2026,32,1,Monday,True,True,
20260804,2026-08-04,2026,3,Q3 2026,8,August,Aug 2026,32,2,Tuesday,True,True,
20260805,2026-08-05,2026,3,Q3 2026,8,August,Aug 2026,32,3,Wednesday,True,True,
20260806,2026-08-06,2026,3,Q3 2026,8,August,Aug 2026,32,4,Thursday,True,True,
20260807,2026-08-07,2026,3,Q3 2026,8,August,Aug 2026,32,5,Friday,True,True,
20260808,2026-08-08,2026,3,Q3 2026,8,August,Aug 2026,32,6,Saturday,False,False,
20260809,2026-08-09,2026,3,Q3 2026,8,August,Aug 2026,32,7,Sunday,False,False,
20260810,2026-08-10,2026,3,Q3 2026,8,August,Aug 2026,33,1,Monday,True,True,
20260811,2026-08-11,2026,3,Q3 2026,8,August,Aug 2026,33,2,Tuesday,True,True,
20260812,2026-08-12,2026,3,Q3 2026,8,August,Aug 2026,33,3,Wednesday,True,True,
20260813,2026-08-13,2026,3,Q3 2026,8,August,Aug 2026,33,4,Thursday,True,True,
20260814,2026-08-14,2026,3,Q3 2026,8,August,Aug 2026,33,5,Friday,True,True,
20260815,2026-08-15,2026,3,Q3 2026,8,August,Aug 2026,33,6,Saturday,False,False,Independence Day
20260816,2026-08-16,2026,3,Q3 2026,8,August,Aug 2026,33,7,Sunday,False,False,
20260817,2026-08-17,2026,3,Q3 2026,8,August,Aug 2026,34,1,Monday,True,True,
20260818,2026-08-18,2026,3,Q3 2026,8,August,Aug 2026,34,2,Tuesday,True,True,
20260819,2026-08-19,2026,3,Q3 2026,8,August,Aug 2026,34,3,Wednesday,True,True,
20260820,2026-08-20,2026,3,Q3 2026,8,August,Aug 2026,34,4,Thursday,True,True,
20260821,2026-08-21,2026,3,Q3 2026,8,August,Aug 2026,34,5,Friday,True,True,
20260822,2026-08-22,2026,3,Q3 2026,8,August,Aug 2026,34,6,Saturday,False,False,
20260823,2026-08-23,2026,3,Q3 2026,8,August,Aug 2026,34,7,Sunday,False,False,
20260824,2026-08-24,2026,3,Q3 2026,8,August,Aug 2026,35,1,Monday,True,True,
20260825,2026-08-25,2026,3,Q3 2026,8,August,Aug 2026,35,2,Tuesday,True,True,
20260826,2026-08-26,2026,3,Q3 2026,8,August,Aug 2026,35,3,Wednesday,True,True,
20260827,2026-08-27,2026,3,Q3 2026,8,August,Aug 2026,35,4,Thursday,True,True,
20260828,2026-08-28,2026,3,Q3 2026,8,August,Aug 2026,35,5,Friday,True,True,
20260829,2026-08-29,2026,3,Q3 2026,8,August,Aug 2026,35,6,Saturday,False,False,
20260830,2026-08-30,2026,3,Q3 2026,8,August,Aug 2026,35,7,Sunday,False,False,
20260831,2026-08-31,2026,3,Q3 2026,8,August,Aug 2026,36,1,Monday,True,True,
20260901,2026-09-01,2026,3,Q3 2026,9,September,Sep 2026,36,2,Tuesday,True,True,
20260902,2026-09-02,2026,3,Q3 2026,9,September,Sep 2026,36,3,Wednesday,True,True,
20260903,2026-09-03,2026,3,Q3 2026,9,September,Sep 2026,36,4,Thursday,True,True,
20260904,2026-09-04,2026,3,Q3 2026,9,September,Sep 2026,36,5,Friday,True,True,
20260905,2026-09-05,2026,3,Q3 2026,9,September,Sep 2026,36,6,Saturday,False,False,
20260906,2026-09-06,2026,3,Q3 2026,9,September,Sep 2026,36,7,Sunday,False,False,
20260907,2026-09-07,2026,3,Q3 2026,9,September,Sep 2026,37,1,Monday,True,True,
20260908,2026-09-08,2026,3,Q3 2026,9,September,Sep 2026,37,2,Tuesday,True,True,
20260909,2026-09-09,2026,3,Q3 2026,9,September,Sep 2026,37,3,Wednesday,True,True,
20260910,2026-09-10,2026,3,Q3 2026,9,September,Sep 2026,37,4,Thursday,True,True,
20260911,2026-09-11,2026,3,Q3 2026,9,September,Sep 2026,37,5,Friday,True,True,
20260912,2026-09-12,2026,3,Q3 2026,9,September,Sep 2026,37,6,Saturday,False,False,
20260913,2026-09-13,2026,3,Q3 2026,9,September,Sep 2026,37,7,Sunday,False,False,
20260914,2026-09-14,2026,3,Q3 2026,9,September,Sep 2026,38,1,Monday,True,True,
20260915,2026-09-15,2026,3,Q3 2026,9,September,Sep 2026,38,2,Tuesday,True,True,
20260916,2026-09-16,2026,3,Q3 2026,9,September,Sep 2026,38,3,Wednesday,True,True,
20260917,2026-09-17,2026,3,Q3 2026,9,September,Sep 2026,38,4,Thursday,True,True,
20260918,2026-09-18,2026,3,Q3 2026,9,September,Sep 2026,38,5,Friday,True,True,
20260919,2026-09-19,2026,3,Q3 2026,9,September,Sep 2026,38,6,Saturday,False,False,
20260920,2026-09-20,2026,3,Q3 2026,9,September,Sep 2026,38,7,Sunday,False,False,
20260921,2026-09-21,2026,3,Q3 2026,9,September,Sep 2026,39,1,Monday,True,True,
20260922,2026-09-22,2026,3,Q3 2026,9,September,Sep 2026,39,2,Tuesday,True,True,
20260923,2026-09-23,2026,3,Q3 2026,9,September,Sep 2026,39,3,Wednesday,True,True,
20260924,2026-09-24,2026,3,Q3 2026,9,September,Sep 2026,39,4,Thursday,True,True,
20260925,2026-09-25,2026,3,Q3 2026,9,September,Sep 2026,39,5,Friday,True,True,
20260926,2026-09-26,2026,3,Q3 2026,9,September,Sep 2026,39,6,Saturday,False,False,
20260927,2026-09-27,2026,3,Q3 2026,9,September,Sep 2026,39,7,Sunday,False,False,
20260928,2026-09-28,2026,3,Q3 2026,9,September,Sep 2026,40,1,Monday,True,True,
20260929,2026-09-29,2026,3,Q3 2026,9,September,Sep 2026,40,2,Tuesday,True,True,
20260930,2026-09-30,2026,3,Q3 2026,9,September,Sep 2026,40,3,Wednesday,True,True,
