HeadcountFactKey,MonthDateKey,PropertyKey,AssignedHeadcount,AverageDailyPresence,PeakDailyPresence
4001,20241001,1,820,345.7,468
4002,20241001,2,480,152.0,226
4003,20241001,3,1450,912.2,1093
4004,20241001,4,2150,1148.9,1530
4005,20241001,5,1050,357.4,460
4006,20241001,6,2600,1432.0,1900
4007,20241001,7,1700,895.2,1163
4008,20241001,8,1250,552.2,690
4009,20241001,9,1500,763.7,1021
4010,20241001,10,820,307.8,383
4011,20241001,11,1950,1086.9,1396
4012,20241001,12,520,218.2,307
4013,20241001,13,1300,625.8,855
4014,20241001,14,920,382.8,467
4015,20241001,15,680,344.2,466
4016,20241001,16,650,318.1,414
4017,20241001,17,530,232.4,318
4018,20241001,18,890,379.1,484
4019,20241001,19,420,169.4,245
4020,20241001,20,640,245.2,301
4021,20241001,21,510,235.9,318
4022,20241001,22,780,380.1,471
4023,20241001,23,690,329.6,437
4024,20241001,24,580,259.1,338
4025,20241001,25,390,150.9,208
4026,20241101,1,819,348.9,478
4027,20241101,2,480,151.8,219
4028,20241101,3,1454,915.9,1087
4029,20241101,4,2148,1150.1,1531
4030,20241101,5,1049,347.0,443
4031,20241101,6,2608,1501.3,1980
4032,20241101,7,1698,939.0,1200
4033,20241101,8,1249,558.4,696
4034,20241101,9,1504,789.8,1018
4035,20241101,10,819,314.2,384
4036,20241101,11,1948,1059.3,1373
4037,20241101,12,522,227.3,323
4038,20241101,13,1299,607.8,850
4039,20241101,14,919,389.7,497
4040,20241101,15,682,327.8,439
4041,20241101,16,649,298.8,375
4042,20241101,17,529,240.1,323
4043,20241101,18,893,363.3,456
4044,20241101,19,420,172.8,248
4045,20241101,20,639,231.9,283
4046,20241101,21,512,219.7,304
4047,20241101,22,779,368.6,458
4048,20241101,23,689,325.1,443
4049,20241101,24,582,267.1,344
4050,20241101,25,390,144.9,198
4051,20241201,1,818,361.8,496
4052,20241201,2,479,145.3,208
4053,20241201,3,1459,869.2,1061
4054,20241201,4,2146,1088.4,1438
4055,20241201,5,1048,369.1,470
4056,20241201,6,2616,1492.4,1980
4057,20241201,7,1697,905.3,1185
4058,20241201,8,1248,535.1,657
4059,20241201,9,1509,799.4,1063
4060,20241201,10,818,327.3,399
4061,20241201,11,1946,1016.0,1323
4062,20241201,12,523,214.7,295
4063,20241201,13,1297,605.7,839
4064,20241201,14,918,378.9,474
4065,20241201,15,684,340.7,462
4066,20241201,16,649,314.0,395
4067,20241201,17,529,229.8,304
4068,20241201,18,895,372.1,477
4069,20241201,19,419,169.2,243
4070,20241201,20,639,240.6,288
4071,20241201,21,513,224.7,307
4072,20241201,22,778,385.7,488
4073,20241201,23,689,316.4,427
4074,20241201,24,583,264.5,348
4075,20241201,25,389,143.7,195
4076,20250101,1,818,346.8,474
4077,20250101,2,479,145.0,208
4078,20250101,3,1463,876.4,1081
4079,20250101,4,2144,1097.2,1415
4080,20250101,5,1047,370.4,462
4081,20250101,6,2623,1413.1,1828
4082,20250101,7,1695,902.9,1144
4083,20250101,8,1246,547.4,692
4084,20250101,9,1513,801.8,1066
4085,20250101,10,818,326.6,399
4086,20250101,11,1944,1042.8,1378
4087,20250101,12,525,215.0,307
4088,20250101,13,1296,630.8,854
4089,20250101,14,917,405.9,517
4090,20250101,15,686,334.7,455
4091,20250101,16,648,316.9,403
4092,20250101,17,528,229.8,303
4093,20250101,18,898,373.9,478
4094,20250101,19,419,172.0,241
4095,20250101,20,638,238.1,286
4096,20250101,21,515,230.1,307
4097,20250101,22,778,372.7,469
4098,20250101,23,688,322.4,430
4099,20250101,24,585,259.4,334
4100,20250101,25,389,150.3,212
4101,20250201,1,817,368.8,491
4102,20250201,2,478,144.1,212
4103,20250201,3,1467,869.1,1034
4104,20250201,4,2141,1154.1,1482
4105,20250201,5,1046,353.8,442
4106,20250201,6,2631,1504.2,1980
4107,20250201,7,1693,943.7,1244
4108,20250201,8,1245,549.1,699
4109,20250201,9,1518,790.1,1045
4110,20250201,10,817,310.2,384
4111,20250201,11,1942,1033.8,1343
4112,20250201,12,526,229.4,329
4113,20250201,13,1295,633.1,861
4114,20250201,14,916,403.1,502
4115,20250201,15,688,328.7,427
4116,20250201,16,647,318.5,419
4117,20250201,17,528,224.1,298
4118,20250201,18,901,365.8,467
4119,20250201,19,418,161.4,226
4120,20250201,20,637,228.8,282
4121,20250201,21,516,228.7,318
4122,20250201,22,777,378.8,484
4123,20250201,23,687,322.5,438
4124,20250201,24,587,269.4,343
4125,20250201,25,388,147.3,199
4126,20250301,1,816,372.1,504
4127,20250301,2,478,151.4,218
4128,20250301,3,1472,874.8,1032
4129,20250301,4,2139,1087.7,1440
4130,20250301,5,1045,348.5,434
4131,20250301,6,2639,1427.1,1892
4132,20250301,7,1692,892.6,1174
4133,20250301,8,1244,519.9,645
4134,20250301,9,1522,790.5,1054
4135,20250301,10,816,305.0,378
4136,20250301,11,1940,1065.1,1379
4137,20250301,12,528,230.5,326
4138,20250301,13,1294,594.0,795
4139,20250301,14,915,393.0,490
4140,20250301,15,690,331.3,448
4141,20250301,16,647,297.7,388
4142,20250301,17,527,237.3,312
4143,20250301,18,903,369.4,479
4144,20250301,19,418,165.5,233
4145,20250301,20,637,242.1,301
4146,20250301,21,518,236.6,322
4147,20250301,22,776,368.1,456
4148,20250301,23,687,316.3,426
4149,20250301,24,589,278.7,370
4150,20250301,25,388,150.6,208
4151,20250401,1,815,354.4,473
4152,20250401,2,477,152.4,222
4153,20250401,3,1476,868.3,1069
4154,20250401,4,2137,1105.9,1433
4155,20250401,5,1044,362.0,452
4156,20250401,6,2647,1424.3,1886
4157,20250401,7,1690,938.1,1229
4158,20250401,8,1242,547.6,676
4159,20250401,9,1527,793.4,1059
4160,20250401,10,815,320.4,398
4161,20250401,11,1938,1040.6,1396
4162,20250401,12,529,215.1,306
4163,20250401,13,1292,617.8,835
4164,20250401,14,914,377.9,481
4165,20250401,15,692,343.2,466
4166,20250401,16,646,316.4,409
4167,20250401,17,527,236.4,319
4168,20250401,18,906,365.8,461
4169,20250401,19,417,162.0,235
4170,20250401,20,636,245.5,296
4171,20250401,21,519,231.0,308
4172,20250401,22,775,369.4,463
4173,20250401,23,686,316.9,430
4174,20250401,24,590,264.9,350
4175,20250401,25,388,144.9,205
4176,20250501,1,814,351.6,487
4177,20250501,2,477,150.0,222
4178,20250501,3,1480,900.4,1060
4179,20250501,4,2135,1144.1,1513
4180,20250501,5,1043,364.8,454
4181,20250501,6,2655,1446.9,1875
4182,20250501,7,1688,907.4,1190
4183,20250501,8,1241,526.7,650
4184,20250501,9,1531,797.9,1051
4185,20250501,10,814,314.4,389
4186,20250501,11,1936,1066.7,1416
4187,20250501,12,531,216.8,302
4188,20250501,13,1291,606.2,833
4189,20250501,14,914,385.8,489
4190,20250501,15,694,349.2,463
4191,20250501,16,645,309.7,407
4192,20250501,17,526,238.4,314
4193,20250501,18,909,370.6,469
4194,20250501,19,417,164.9,230
4195,20250501,20,636,234.7,285
4196,20250501,21,521,233.7,310
4197,20250501,22,775,364.7,460
4198,20250501,23,685,332.5,437
4199,20250501,24,592,260.5,335
4200,20250501,25,387,143.6,202
4201,20250601,1,813,363.3,483
4202,20250601,2,476,145.0,213
4203,20250601,3,1485,915.0,1099
4204,20250601,4,2133,1076.1,1438
4205,20250601,5,1042,358.1,439
4206,20250601,6,2662,1473.2,1928
4207,20250601,7,1686,896.9,1152
4208,20250601,8,1240,552.9,678
4209,20250601,9,1536,768.9,1027
4210,20250601,10,813,320.8,389
4211,20250601,11,1934,1064.1,1377
4212,20250601,12,532,228.2,315
4213,20250601,13,1290,608.9,833
4214,20250601,14,913,405.4,513
4215,20250601,15,696,344.4,456
4216,20250601,16,645,303.9,397
4217,20250601,17,526,240.1,326
4218,20250601,18,911,379.7,472
4219,20250601,19,417,163.4,231
4220,20250601,20,635,235.4,289
4221,20250601,21,522,230.0,313
4222,20250601,22,774,364.0,450
4223,20250601,23,684,330.3,453
4224,20250601,24,594,279.0,355
4225,20250601,25,387,148.3,201
4226,20250701,1,813,346.0,472
4227,20250701,2,476,149.6,213
4228,20250701,3,1489,912.6,1090
4229,20250701,4,2131,1119.4,1440
4230,20250701,5,1041,371.0,460
4231,20250701,6,2670,1453.2,1916
4232,20250701,7,1685,945.5,1186
4233,20250701,8,1239,556.6,706
4234,20250701,9,1540,780.2,1022
4235,20250701,10,813,304.8,365
4236,20250701,11,1932,1059.8,1403
4237,20250701,12,534,225.6,312
4238,20250701,13,1288,638.9,861
4239,20250701,14,912,401.0,510
4240,20250701,15,698,346.7,451
4241,20250701,16,644,300.4,384
4242,20250701,17,525,224.6,305
4243,20250701,18,914,363.3,453
4244,20250701,19,416,164.6,232
4245,20250701,20,634,234.0,282
4246,20250701,21,524,230.5,318
4247,20250701,22,773,389.3,494
4248,20250701,23,684,318.2,433
4249,20250701,24,596,262.9,334
4250,20250701,25,386,144.9,204
4251,20250801,1,812,355.9,487
4252,20250801,2,475,155.0,226
4253,20250801,3,1494,882.8,1067
4254,20250801,4,2128,1084.4,1448
4255,20250801,5,1040,374.9,479
4256,20250801,6,2678,1424.9,1923
4257,20250801,7,1683,887.1,1152
4258,20250801,8,1238,540.4,689
4259,20250801,9,1545,809.9,1050
4260,20250801,10,812,323.3,390
4261,20250801,11,1930,1083.3,1450
4262,20250801,12,536,223.4,307
4263,20250801,13,1287,626.3,876
4264,20250801,14,911,377.7,474
4265,20250801,15,700,352.2,457
4266,20250801,16,644,297.3,377
4267,20250801,17,525,238.0,318
4268,20250801,18,917,379.8,479
4269,20250801,19,416,166.8,234
4270,20250801,20,634,235.2,284
4271,20250801,21,525,223.5,300
4272,20250801,22,772,363.6,465
4273,20250801,23,683,317.7,434
4274,20250801,24,597,262.5,348
4275,20250801,25,386,142.6,193
4276,20250901,1,811,372.1,498
4277,20250901,2,475,152.8,225
4278,20250901,3,1498,904.2,1095
4279,20250901,4,2126,1112.6,1437
4280,20250901,5,1038,364.1,460
4281,20250901,6,2686,1469.7,1945
4282,20250901,7,1681,913.6,1198
4283,20250901,8,1236,556.2,688
4284,20250901,9,1549,823.9,1058
4285,20250901,10,811,319.7,383
4286,20250901,11,1929,1076.8,1402
4287,20250901,12,537,228.8,323
4288,20250901,13,1286,620.5,842
4289,20250901,14,910,405.6,508
4290,20250901,15,702,344.9,466
4291,20250901,16,643,313.7,394
4292,20250901,17,524,235.7,314
4293,20250901,18,919,372.8,480
4294,20250901,19,415,171.2,248
4295,20250901,20,633,232.3,280
4296,20250901,21,527,224.3,309
4297,20250901,22,771,378.9,477
4298,20250901,23,682,331.5,450
4299,20250901,24,599,265.1,336
4300,20250901,25,386,149.5,208
4301,20251001,1,810,354.2,488
4302,20251001,2,474,151.3,220
4303,20251001,3,1502,897.4,1073
4304,20251001,4,2124,1076.7,1397
4305,20251001,5,1037,369.8,471
4306,20251001,6,2694,1448.0,1941
4307,20251001,7,1680,895.2,1124
4308,20251001,8,1235,526.5,669
4309,20251001,9,1554,773.1,1011
4310,20251001,10,810,320.6,389
4311,20251001,11,1927,1045.5,1383
4312,20251001,12,539,218.7,312
4313,20251001,13,1284,615.3,854
4314,20251001,14,909,390.1,478
4315,20251001,15,704,346.9,461
4316,20251001,16,642,311.7,401
4317,20251001,17,524,229.5,314
4318,20251001,18,922,361.1,464
4319,20251001,19,415,168.3,243
4320,20251001,20,632,236.7,292
4321,20251001,21,528,229.9,315
4322,20251001,22,771,392.3,487
4323,20251001,23,682,324.6,434
4324,20251001,24,601,268.5,340
4325,20251001,25,385,148.8,207
4326,20251101,1,809,358.4,491
4327,20251101,2,474,144.4,210
4328,20251101,3,1507,878.0,1051
4329,20251101,4,2122,1117.2,1435
4330,20251101,5,1036,347.2,442
4331,20251101,6,2701,1488.9,1980
4332,20251101,7,1678,882.9,1163
4333,20251101,8,1234,560.2,697
4334,20251101,9,1558,788.0,1050
4335,20251101,10,809,313.8,377
4336,20251101,11,1925,1054.0,1394
4337,20251101,12,540,221.4,311
4338,20251101,13,1283,612.2,845
4339,20251101,14,908,405.3,509
4340,20251101,15,707,340.0,454
4341,20251101,16,642,316.3,403
4342,20251101,17,523,229.5,301
4343,20251101,18,925,371.2,476
4344,20251101,19,415,165.3,241
4345,20251101,20,632,233.9,284
4346,20251101,21,530,224.8,311
4347,20251101,22,770,391.4,492
4348,20251101,23,681,323.0,429
4349,20251101,24,603,268.6,355
4350,20251101,25,385,140.8,197
4351,20251201,1,809,369.5,505
4352,20251201,2,473,144.4,213
4353,20251201,3,1511,902.7,1103
4354,20251201,4,2120,1127.9,1481
4355,20251201,5,1035,359.3,451
4356,20251201,6,2709,1496.7,1980
4357,20251201,7,1676,918.2,1189
4358,20251201,8,1232,559.6,719
4359,20251201,9,1563,762.5,1014
4360,20251201,10,809,304.6,373
4361,20251201,11,1923,1023.2,1364
4362,20251201,12,542,229.0,318
4363,20251201,13,1282,613.4,824
4364,20251201,14,907,391.5,495
4365,20251201,15,709,337.1,458
4366,20251201,16,641,307.6,386
4367,20251201,17,523,229.3,311
4368,20251201,18,927,385.9,483
4369,20251201,19,414,170.2,242
4370,20251201,20,631,239.2,286
4371,20251201,21,531,226.3,302
4372,20251201,22,769,366.9,457
4373,20251201,23,680,314.5,414
4374,20251201,24,604,264.4,345
4375,20251201,25,385,149.3,204
4376,20260101,1,808,356.7,486
4377,20260101,2,473,153.9,228
4378,20260101,3,1515,924.7,1109
4379,20260101,4,2118,1151.2,1536
4380,20260101,5,1034,360.9,462
4381,20260101,6,2717,1473.8,1946
4382,20260101,7,1674,879.9,1111
4383,20260101,8,1231,558.6,713
4384,20260101,9,1568,762.0,978
4385,20260101,10,808,318.2,388
4386,20260101,11,1921,1082.7,1431
4387,20260101,12,543,225.7,314
4388,20260101,13,1280,610.5,822
4389,20260101,14,906,385.6,486
4390,20260101,15,711,334.9,439
4391,20260101,16,640,298.1,391
4392,20260101,17,522,233.5,310
4393,20260101,18,930,388.9,488
4394,20260101,19,414,164.1,231
4395,20260101,20,630,235.9,288
4396,20260101,21,533,234.1,317
4397,20260101,22,768,388.6,483
4398,20260101,23,680,338.3,455
4399,20260101,24,606,273.8,359
4400,20260101,25,384,144.3,199
4401,20260201,1,807,370.2,513
4402,20260201,2,472,151.9,226
4403,20260201,3,1520,865.5,1063
4404,20260201,4,2116,1104.9,1458
4405,20260201,5,1033,375.0,480
4406,20260201,6,2725,1456.4,1938
4407,20260201,7,1673,939.5,1207
4408,20260201,8,1230,521.4,648
4409,20260201,9,1572,784.9,1004
4410,20260201,10,807,316.0,390
4411,20260201,11,1919,1089.8,1433
4412,20260201,12,545,216.9,302
4413,20260201,13,1279,632.6,861
4414,20260201,14,905,378.5,460
4415,20260201,15,713,334.3,434
4416,20260201,16,640,295.7,390
4417,20260201,17,522,226.8,296
4418,20260201,18,933,363.5,452
4419,20260201,19,413,166.4,243
4420,20260201,20,630,235.5,290
4421,20260201,21,534,229.9,308
4422,20260201,22,768,365.8,467
4423,20260201,23,679,332.5,456
4424,20260201,24,608,264.7,335
4425,20260201,25,384,147.8,206
4426,20260301,1,806,373.6,505
4427,20260301,2,472,154.2,223
4428,20260301,3,1524,887.1,1086
4429,20260301,4,2113,1136.2,1476
4430,20260301,5,1032,352.3,448
4431,20260301,6,2733,1462.0,1953
4432,20260301,7,1671,877.7,1120
4433,20260301,8,1229,559.2,689
4434,20260301,9,1576,808.9,1060
4435,20260301,10,806,304.7,374
4436,20260301,11,1917,1071.1,1393
4437,20260301,12,547,227.1,324
4438,20260301,13,1278,601.2,841
4439,20260301,14,904,405.1,500
4440,20260301,15,715,339.0,452
4441,20260301,16,639,297.1,390
4442,20260301,17,521,224.1,298
4443,20260301,18,935,389.2,495
4444,20260301,19,413,160.9,227
4445,20260301,20,629,232.6,285
4446,20260301,21,536,230.7,307
4447,20260301,22,767,370.5,475
4448,20260301,23,678,315.9,429
4449,20260301,24,610,264.2,341
4450,20260301,25,383,140.6,193
4451,20260401,1,805,362.0,494
4452,20260401,2,471,154.8,220
4453,20260401,3,1528,880.3,1046
4454,20260401,4,2111,1134.1,1506
4455,20260401,5,1031,364.6,466
4456,20260401,6,2740,1480.1,1925
4457,20260401,7,1669,895.4,1136
4458,20260401,8,1228,524.3,664
4459,20260401,9,1581,778.7,1019
4460,20260401,10,805,312.2,380
4461,20260401,11,1915,1091.6,1416
4462,20260401,12,548,231.2,329
4463,20260401,13,1277,628.4,865
4464,20260401,14,903,394.9,497
4465,20260401,15,717,343.1,458
4466,20260401,16,638,299.9,392
4467,20260401,17,520,224.2,303
4468,20260401,18,938,370.2,479
4469,20260401,19,412,168.3,239
4470,20260401,20,628,229.8,283
4471,20260401,21,538,219.9,303
4472,20260401,22,766,379.5,482
4473,20260401,23,678,321.3,424
4474,20260401,24,611,259.3,340
4475,20260401,25,383,143.1,201
4476,20260501,1,804,356.3,487
4477,20260501,2,471,152.3,223
4478,20260501,3,1533,877.7,1047
4479,20260501,4,2109,1121.5,1437
4480,20260501,5,1030,354.3,441
4481,20260501,6,2748,1480.8,1942
4482,20260501,7,1668,874.4,1135
4483,20260501,8,1226,519.0,656
4484,20260501,9,1586,823.9,1067
4485,20260501,10,804,313.8,387
4486,20260501,11,1913,1043.0,1365
4487,20260501,12,550,214.2,308
4488,20260501,13,1275,597.4,827
4489,20260501,14,903,397.1,505
4490,20260501,15,719,352.6,468
4491,20260501,16,638,314.6,400
4492,20260501,17,520,221.8,290
4493,20260501,18,941,384.0,488
4494,20260501,19,412,165.3,236
4495,20260501,20,628,237.2,294
4496,20260501,21,539,233.6,313
4497,20260501,22,765,382.5,472
4498,20260501,23,677,323.1,428
4499,20260501,24,613,258.6,337
4500,20260501,25,383,141.6,195
4501,20260601,1,804,370.1,501
4502,20260601,2,470,152.2,223
4503,20260601,3,1537,882.4,1072
4504,20260601,4,2107,1156.5,1500
4505,20260601,5,1029,369.5,476
4506,20260601,6,2756,1520.1,1980
4507,20260601,7,1666,883.4,1115
4508,20260601,8,1225,543.5,681
4509,20260601,9,1590,798.0,1068
4510,20260601,10,804,321.8,388
4511,20260601,11,1911,1043.5,1353
4512,20260601,12,551,218.7,309
4513,20260601,13,1274,632.5,844
4514,20260601,14,902,379.9,484
4515,20260601,15,721,334.1,440
4516,20260601,16,637,301.6,387
4517,20260601,17,519,227.7,307
4518,20260601,18,943,362.6,455
4519,20260601,19,412,163.4,230
4520,20260601,20,627,232.5,282
4521,20260601,21,541,228.7,314
4522,20260601,22,764,391.6,497
4523,20260601,23,676,322.2,439
4524,20260601,24,615,268.4,348
4525,20260601,25,382,146.9,200
4526,20260701,1,803,361.1,486
4527,20260701,2,470,148.3,218
4528,20260701,3,1541,930.0,1147
4529,20260701,4,2105,1118.8,1457
4530,20260701,5,1028,348.1,433
4531,20260701,6,2764,1446.5,1921
4532,20260701,7,1664,926.6,1208
4533,20260701,8,1224,523.7,650
4534,20260701,9,1594,805.5,1067
4535,20260701,10,803,309.9,381
4536,20260701,11,1909,1068.8,1420
4537,20260701,12,553,228.4,328
4538,20260701,13,1273,616.5,855
4539,20260701,14,901,386.4,480
4540,20260701,15,723,333.8,448
4541,20260701,16,636,306.1,395
4542,20260701,17,519,239.7,320
4543,20260701,18,946,378.9,481
4544,20260701,19,411,163.8,238
4545,20260701,20,627,233.6,289
4546,20260701,21,542,232.6,321
4547,20260701,22,764,392.8,495
4548,20260701,23,676,334.2,446
4549,20260701,24,617,274.3,364
4550,20260701,25,382,143.2,203
4551,20260801,1,802,361.5,494
4552,20260801,2,469,155.6,222
4553,20260801,3,1546,915.6,1130
4554,20260801,4,2103,1156.8,1480
4555,20260801,5,1027,368.5,470
4556,20260801,6,2772,1431.3,1871
4557,20260801,7,1663,934.8,1218
4558,20260801,8,1222,527.7,662
4559,20260801,9,1599,805.6,1039
4560,20260801,10,802,323.2,403
4561,20260801,11,1907,1024.4,1372
4562,20260801,12,554,215.5,307
4563,20260801,13,1271,595.0,830
4564,20260801,14,900,404.6,505
4565,20260801,15,725,335.5,456
4566,20260801,16,636,304.4,399
4567,20260801,17,518,223.3,300
4568,20260801,18,949,384.9,490
4569,20260801,19,411,165.2,241
4570,20260801,20,626,243.0,292
4571,20260801,21,544,219.5,301
4572,20260801,22,763,364.2,453
4573,20260801,23,675,313.5,415
4574,20260801,24,618,276.6,355
4575,20260801,25,381,150.3,205
4576,20260901,1,801,349.9,472
4577,20260901,2,469,146.8,209
4578,20260901,3,1550,909.5,1121
4579,20260901,4,2101,1158.5,1531
4580,20260901,5,1026,349.4,445
4581,20260901,6,2779,1442.1,1908
4582,20260901,7,1661,939.3,1205
4583,20260901,8,1221,552.8,678
4584,20260901,9,1604,809.2,1071
4585,20260901,10,801,323.7,397
4586,20260901,11,1905,1076.6,1421
4587,20260901,12,556,222.8,314
4588,20260901,13,1270,622.7,868
4589,20260901,14,899,405.2,495
4590,20260901,15,727,354.1,470
4591,20260901,16,635,298.0,376
4592,20260901,17,518,223.1,304
4593,20260901,18,951,374.4,475
4594,20260901,19,410,162.7,233
4595,20260901,20,625,240.1,296
4596,20260901,21,545,228.7,304
4597,20260901,22,762,388.9,482
4598,20260901,23,674,338.6,459
4599,20260901,24,620,278.0,364
4600,20260901,25,381,145.0,199
