ScenarioName,PropertyKey,PropertyCode,PropertyName,City,Country,BaselineSeats,ProjectedSeats,SeatsSurrendered,BaselineAreaSqM,ProjectedAreaSqM,AreaSurrenderedSqM,BaselineAnnualCostINR,ProjectedAnnualCostINR,AnnualSavingsINR,BaselineAvgUtilPct,ProjectedAvgUtilPct,BaselinePeakUtilPct,ProjectedPeakUtilPct,ExceedsPeakBuffer
Scenario 1: Conservative Adjustment,1,PROP-BOM-01,Nariman Point Business Centre,Mumbai,India,620,620,0,6800.0,6800.0,0.0,261713044.58,261713044.58,0.0,58.77,58.0,78.89,78.89,False
Scenario 1: Conservative Adjustment,2,PROP-BOM-02,BKC Central Tower B,Mumbai,India,340,306,34,3750.0,3375.0,375.0,159908731.92,150314208.0,9594523.92,44.61,49.08,64.79,71.99,False
Scenario 1: Conservative Adjustment,3,PROP-BOM-03,Powai Horizon Office Park,Mumbai,India,1250,1250,0,10600.0,10600.0,0.0,249572592.64,249572592.64,0.0,72.92,71.51,84.54,84.54,False
Scenario 1: Conservative Adjustment,4,PROP-PNQ-01,Hinjawadi Tech Campus A,Pune,India,1720,1720,0,15500.0,15500.0,0.0,84067305.36,84067305.36,0.0,65.88,65.24,83.3,83.3,False
Scenario 1: Conservative Adjustment,5,PROP-PNQ-02,Magarpatta Enterprise Park,Pune,India,950,855,95,7800.0,7020.0,780.0,117789678.74,110722298.02,7067380.72,38.52,42.2,48.17,53.52,False
Scenario 1: Conservative Adjustment,6,PROP-BLR-01,Whitefield Innovation Campus Tower 1,Bengaluru,India,1980,1980,0,17850.0,17850.0,0.0,344026845.36,344026845.36,0.0,74.96,73.84,88.74,88.74,True
Scenario 1: Conservative Adjustment,7,PROP-BLR-02,Outer Ring Road Alpha Center,Bengaluru,India,1320,1320,0,11900.0,11900.0,0.0,244988123.37,244988123.37,0.0,69.89,68.86,85.26,85.26,True
Scenario 1: Conservative Adjustment,8,PROP-BLR-03,Electronic City Systems Hub,Bengaluru,India,1100,990,110,9350.0,8415.0,935.0,49337327.25,46377087.61,2960239.64,49.61,54.79,62.05,68.94,False
Scenario 1: Conservative Adjustment,9,PROP-MAA-01,OMR Cyber Gateway,Chennai,India,1280,1280,0,11475.0,11475.0,0.0,188592408.1,188592408.1,0.0,62.8,61.88,80.6,80.6,False
Scenario 1: Conservative Adjustment,10,PROP-MAA-02,Guindy Industrial Square,Chennai,India,750,675,75,6375.0,5737.5,637.5,99251511.14,93296420.47,5955090.67,42.59,46.77,52.06,57.84,False
Scenario 1: Conservative Adjustment,11,PROP-HYD-01,HITEC City Cyber Horizon,Hyderabad,India,1500,1500,0,13600.0,13600.0,0.0,243883184.89,243883184.89,0.0,70.91,70.58,86.57,86.57,True
Scenario 1: Conservative Adjustment,12,PROP-HYD-02,Gachibowli Financial Hub,Hyderabad,India,420,378,42,4420.0,3978.0,442.0,85360488.48,80238859.17,5121629.31,53.73,58.89,75.03,83.37,False
Scenario 1: Conservative Adjustment,13,PROP-DEL-01,Gurugram Cyber City Tower 8,Delhi NCR,India,980,980,0,9775.0,9775.0,0.0,250278615.8,250278615.8,0.0,63.81,62.9,83.86,83.86,False
Scenario 1: Conservative Adjustment,14,PROP-DEL-02,Noida Express Commercial Tower,Delhi NCR,India,850,765,85,7480.0,6732.0,748.0,115077359.43,108172717.86000001,6904641.57,46.69,51.37,57.93,64.37,False
Scenario 1: Conservative Adjustment,15,PROP-SGP-01,Marina Bay Financial Centre Tower 2,Singapore,Singapore,480,480,0,5400.0,5400.0,0.0,886669387.76,886669387.76,0.0,71.92,70.95,87.38,87.38,True
Scenario 1: Conservative Adjustment,16,PROP-SGP-02,Changi Business Hub,Singapore,Singapore,520,520,0,4900.0,4900.0,0.0,453469821.42,453469821.42,0.0,59.9,58.95,76.33,76.33,False
Scenario 1: Conservative Adjustment,17,PROP-KUL-01,KL Sentral Corporate Suites,Kuala Lumpur,Malaysia,420,420,0,4350.0,4350.0,0.0,122373704.28,122373704.28,0.0,55.76,54.95,74.02,74.02,False
Scenario 1: Conservative Adjustment,18,PROP-KUL-02,Bangsar South Tech Centre,Kuala Lumpur,Malaysia,780,702,78,6630.0,5967.0,663.0,146909678.63,138095097.91,8814580.72,48.59,53.24,61.3,68.11,False
Scenario 1: Conservative Adjustment,19,PROP-BKK-01,Sathorn Square Tower,Bangkok,Thailand,320,288,32,3500.0,3150.0,350.0,140933615.1,132477598.19,8456016.91,52.81,57.68,74.92,83.24,False
Scenario 1: Conservative Adjustment,20,PROP-BKK-02,Asoke Exchange Office Suites,Bangkok,Thailand,580,522,58,5100.0,4590.0,510.0,161507881.4,151817408.52,9690472.88,41.51,45.29,50.73,56.37,False
Scenario 1: Conservative Adjustment,21,PROP-JKT-01,Sudirman SCBD One Pacific,Jakarta,Indonesia,380,380,0,4050.0,4050.0,0.0,128096611.96,128096611.96,0.0,60.82,60.17,81.08,81.08,False
Scenario 1: Conservative Adjustment,22,PROP-JKT-02,Kuningan Tech Office Hub,Jakarta,Indonesia,700,630,70,6120.0,5508.0,612.0,167857147.04,157785718.22,10071428.82,54.83,59.91,68.46,76.07,False
Scenario 1: Conservative Adjustment,23,PROP-SYD-01,Barangaroo International Tower 3,Sydney,Australia,510,510,0,5650.0,5650.0,0.0,777966545.01,777966545.01,0.0,64.85,63.57,84.21,84.21,False
Scenario 1: Conservative Adjustment,24,PROP-SYD-02,Macquarie Park Tech Pavilion,Sydney,Australia,480,480,0,4650.0,4650.0,0.0,444632722.78,444632722.78,0.0,56.78,55.66,73.18,73.18,False
Scenario 1: Conservative Adjustment,25,PROP-PNQ-03,Kalyani Nagar Gateway,Pune,India,310,279,31,3200.0,2880.0,320.0,50241566.02,47227072.06,3014493.96,47.59,52.32,65.65,72.94,False
Scenario 2: Balanced Agile Optimization,1,PROP-BOM-01,Nariman Point Business Centre,Mumbai,India,620,620,0,6800.0,6800.0,0.0,261713044.58,261713044.58,0.0,58.77,58.0,78.89,78.89,False
Scenario 2: Balanced Agile Optimization,2,PROP-BOM-02,BKC Central Tower B,Mumbai,India,340,289,51,3750.0,3187.5,562.5,159908731.92,145516946.04999998,14391785.87,44.61,51.97,64.79,76.22,False
Scenario 2: Balanced Agile Optimization,3,PROP-BOM-03,Powai Horizon Office Park,Mumbai,India,1250,1250,0,10600.0,10600.0,0.0,249572592.64,249572592.64,0.0,72.92,71.51,84.54,84.54,False
Scenario 2: Balanced Agile Optimization,4,PROP-PNQ-01,Hinjawadi Tech Campus A,Pune,India,1720,1720,0,15500.0,15500.0,0.0,84067305.36,84067305.36,0.0,65.88,65.24,83.3,83.3,False
Scenario 2: Balanced Agile Optimization,5,PROP-PNQ-02,Magarpatta Enterprise Park,Pune,India,950,808,142,7800.0,6634.11,1165.89,117789678.74,107225847.31,10563831.43,38.52,44.66,48.17,56.64,False
Scenario 2: Balanced Agile Optimization,6,PROP-BLR-01,Whitefield Innovation Campus Tower 1,Bengaluru,India,1980,1980,0,17850.0,17850.0,0.0,344026845.36,344026845.36,0.0,74.96,73.84,88.74,88.74,True
Scenario 2: Balanced Agile Optimization,7,PROP-BLR-02,Outer Ring Road Alpha Center,Bengaluru,India,1320,1320,0,11900.0,11900.0,0.0,244988123.37,244988123.37,0.0,69.89,68.86,85.26,85.26,True
Scenario 2: Balanced Agile Optimization,8,PROP-BLR-03,Electronic City Systems Hub,Bengaluru,India,1100,935,165,9350.0,7947.5,1402.5,49337327.25,44896967.8,4440359.45,49.61,58.02,62.05,73.0,False
Scenario 2: Balanced Agile Optimization,9,PROP-MAA-01,OMR Cyber Gateway,Chennai,India,1280,1280,0,11475.0,11475.0,0.0,188592408.1,188592408.1,0.0,62.8,61.88,80.6,80.6,False
Scenario 2: Balanced Agile Optimization,10,PROP-MAA-02,Guindy Industrial Square,Chennai,India,750,638,112,6375.0,5423.0,952.0,99251511.14,90358575.74,8892935.4,42.59,49.48,52.06,61.2,False
Scenario 2: Balanced Agile Optimization,11,PROP-HYD-01,HITEC City Cyber Horizon,Hyderabad,India,1500,1500,0,13600.0,13600.0,0.0,243883184.89,243883184.89,0.0,70.91,70.58,86.57,86.57,True
Scenario 2: Balanced Agile Optimization,12,PROP-HYD-02,Gachibowli Financial Hub,Hyderabad,India,420,357,63,4420.0,3757.0,663.0,85360488.48,77678044.52000001,7682443.96,53.73,62.36,75.03,88.27,True
Scenario 2: Balanced Agile Optimization,13,PROP-DEL-01,Gurugram Cyber City Tower 8,Delhi NCR,India,980,980,0,9775.0,9775.0,0.0,250278615.8,250278615.8,0.0,63.81,62.9,83.86,83.86,False
Scenario 2: Balanced Agile Optimization,14,PROP-DEL-02,Noida Express Commercial Tower,Delhi NCR,India,850,722,128,7480.0,6353.6,1126.4,115077359.43,104679781.54,10397577.89,46.69,54.43,57.93,68.2,False
Scenario 2: Balanced Agile Optimization,15,PROP-SGP-01,Marina Bay Financial Centre Tower 2,Singapore,Singapore,480,480,0,5400.0,5400.0,0.0,886669387.76,886669387.76,0.0,71.92,70.95,87.38,87.38,True
Scenario 2: Balanced Agile Optimization,16,PROP-SGP-02,Changi Business Hub,Singapore,Singapore,520,520,0,4900.0,4900.0,0.0,453469821.42,453469821.42,0.0,59.9,58.95,76.33,76.33,False
Scenario 2: Balanced Agile Optimization,17,PROP-KUL-01,KL Sentral Corporate Suites,Kuala Lumpur,Malaysia,420,420,0,4350.0,4350.0,0.0,122373704.28,122373704.28,0.0,55.76,54.95,74.02,74.02,False
Scenario 2: Balanced Agile Optimization,18,PROP-KUL-02,Bangsar South Tech Centre,Kuala Lumpur,Malaysia,780,663,117,6630.0,5635.5,994.5,146909678.63,133687807.55,13221871.08,48.59,56.38,61.3,72.12,False
Scenario 2: Balanced Agile Optimization,19,PROP-BKK-01,Sathorn Square Tower,Bangkok,Thailand,320,272,48,3500.0,2975.0,525.0,140933615.1,128249589.74,12684025.36,52.81,61.08,74.92,88.14,True
Scenario 2: Balanced Agile Optimization,20,PROP-BKK-02,Asoke Exchange Office Suites,Bangkok,Thailand,580,493,87,5100.0,4335.0,765.0,161507881.4,146972172.07,14535709.33,41.51,47.95,50.73,59.68,False
Scenario 2: Balanced Agile Optimization,21,PROP-JKT-01,Sudirman SCBD One Pacific,Jakarta,Indonesia,380,380,0,4050.0,4050.0,0.0,128096611.96,128096611.96,0.0,60.82,60.17,81.08,81.08,False
Scenario 2: Balanced Agile Optimization,22,PROP-JKT-02,Kuningan Tech Office Hub,Jakarta,Indonesia,700,595,105,6120.0,5202.0,918.0,167857147.04,152750003.81,15107143.23,54.83,63.44,68.46,80.54,False
Scenario 2: Balanced Agile Optimization,23,PROP-SYD-01,Barangaroo International Tower 3,Sydney,Australia,510,510,0,5650.0,5650.0,0.0,777966545.01,777966545.01,0.0,64.85,63.57,84.21,84.21,False
Scenario 2: Balanced Agile Optimization,24,PROP-SYD-02,Macquarie Park Tech Pavilion,Sydney,Australia,480,480,0,4650.0,4650.0,0.0,444632722.78,444632722.78,0.0,56.78,55.66,73.18,73.18,False
Scenario 2: Balanced Agile Optimization,25,PROP-PNQ-03,Kalyani Nagar Gateway,Pune,India,310,264,46,3200.0,2725.16,474.84,50241566.02,45768433.79000001,4473132.23,47.59,55.29,65.65,77.09,False
Scenario 3: Strategic Footprint Rationalization,1,PROP-BOM-01,Nariman Point Business Centre,Mumbai,India,620,620,0,6800.0,6800.0,0.0,261713044.58,261713044.58,0.0,58.77,58.0,78.89,78.89,False
Scenario 3: Strategic Footprint Rationalization,2,PROP-BOM-02,BKC Central Tower B,Mumbai,India,340,272,68,3750.0,3000.0,750.0,159908731.92,140719684.08999997,19189047.83,44.61,55.22,64.79,80.99,False
Scenario 3: Strategic Footprint Rationalization,3,PROP-BOM-03,Powai Horizon Office Park,Mumbai,India,1250,1250,0,10600.0,10600.0,0.0,249572592.64,249572592.64,0.0,72.92,71.51,84.54,84.54,False
Scenario 3: Strategic Footprint Rationalization,4,PROP-PNQ-01,Hinjawadi Tech Campus A,Pune,India,1720,1720,0,15500.0,15500.0,0.0,84067305.36,84067305.36,0.0,65.88,65.24,83.3,83.3,False
Scenario 3: Strategic Footprint Rationalization,5,PROP-PNQ-02,Magarpatta Enterprise Park,Pune,India,950,760,190,7800.0,6240.0,1560.0,117789678.74,103654917.28999999,14134761.45,38.52,47.48,48.17,60.21,False
Scenario 3: Strategic Footprint Rationalization,6,PROP-BLR-01,Whitefield Innovation Campus Tower 1,Bengaluru,India,1980,1980,0,17850.0,17850.0,0.0,344026845.36,344026845.36,0.0,74.96,73.84,88.74,88.74,True
Scenario 3: Strategic Footprint Rationalization,7,PROP-BLR-02,Outer Ring Road Alpha Center,Bengaluru,India,1320,1320,0,11900.0,11900.0,0.0,244988123.37,244988123.37,0.0,69.89,68.86,85.26,85.26,True
Scenario 3: Strategic Footprint Rationalization,8,PROP-BLR-03,Electronic City Systems Hub,Bengaluru,India,1100,880,220,9350.0,7480.0,1870.0,49337327.25,43416847.980000004,5920479.27,49.61,61.64,62.05,77.56,False
Scenario 3: Strategic Footprint Rationalization,9,PROP-MAA-01,OMR Cyber Gateway,Chennai,India,1280,1280,0,11475.0,11475.0,0.0,188592408.1,188592408.1,0.0,62.8,61.88,80.6,80.6,False
Scenario 3: Strategic Footprint Rationalization,10,PROP-MAA-02,Guindy Industrial Square,Chennai,India,750,600,150,6375.0,5100.0,1275.0,99251511.14,87341329.8,11910181.34,42.59,52.62,52.06,65.08,False
Scenario 3: Strategic Footprint Rationalization,11,PROP-HYD-01,HITEC City Cyber Horizon,Hyderabad,India,1500,1500,0,13600.0,13600.0,0.0,243883184.89,243883184.89,0.0,70.91,70.58,86.57,86.57,True
Scenario 3: Strategic Footprint Rationalization,12,PROP-HYD-02,Gachibowli Financial Hub,Hyderabad,India,420,336,84,4420.0,3536.0,884.0,85360488.48,75117229.86,10243258.62,53.73,66.25,75.03,93.79,True
Scenario 3: Strategic Footprint Rationalization,13,PROP-DEL-01,Gurugram Cyber City Tower 8,Delhi NCR,India,980,980,0,9775.0,9775.0,0.0,250278615.8,250278615.8,0.0,63.81,62.9,83.86,83.86,False
Scenario 3: Strategic Footprint Rationalization,14,PROP-DEL-02,Noida Express Commercial Tower,Delhi NCR,India,850,680,170,7480.0,5984.0,1496.0,115077359.43,101268076.30000001,13809283.13,46.69,57.79,57.93,72.41,False
Scenario 3: Strategic Footprint Rationalization,15,PROP-SGP-01,Marina Bay Financial Centre Tower 2,Singapore,Singapore,480,480,0,5400.0,5400.0,0.0,886669387.76,886669387.76,0.0,71.92,70.95,87.38,87.38,True
Scenario 3: Strategic Footprint Rationalization,16,PROP-SGP-02,Changi Business Hub,Singapore,Singapore,520,520,0,4900.0,4900.0,0.0,453469821.42,453469821.42,0.0,59.9,58.95,76.33,76.33,False
Scenario 3: Strategic Footprint Rationalization,17,PROP-KUL-01,KL Sentral Corporate Suites,Kuala Lumpur,Malaysia,420,420,0,4350.0,4350.0,0.0,122373704.28,122373704.28,0.0,55.76,54.95,74.02,74.02,False
Scenario 3: Strategic Footprint Rationalization,18,PROP-KUL-02,Bangsar South Tech Centre,Kuala Lumpur,Malaysia,780,624,156,6630.0,5304.0,1326.0,146909678.63,129280517.19,17629161.44,48.59,59.9,61.3,76.62,False
Scenario 3: Strategic Footprint Rationalization,19,PROP-BKK-01,Sathorn Square Tower,Bangkok,Thailand,320,256,64,3500.0,2800.0,700.0,140933615.1,124021581.28999999,16912033.81,52.81,64.89,74.92,93.65,True
Scenario 3: Strategic Footprint Rationalization,20,PROP-BKK-02,Asoke Exchange Office Suites,Bangkok,Thailand,580,464,116,5100.0,4080.0,1020.0,161507881.4,142126935.63,19380945.77,41.51,50.95,50.73,63.41,False
Scenario 3: Strategic Footprint Rationalization,21,PROP-JKT-01,Sudirman SCBD One Pacific,Jakarta,Indonesia,380,380,0,4050.0,4050.0,0.0,128096611.96,128096611.96,0.0,60.82,60.17,81.08,81.08,False
Scenario 3: Strategic Footprint Rationalization,22,PROP-JKT-02,Kuningan Tech Office Hub,Jakarta,Indonesia,700,560,140,6120.0,4896.0,1224.0,167857147.04,147714289.39999998,20142857.64,54.83,67.4,68.46,85.57,True
Scenario 3: Strategic Footprint Rationalization,23,PROP-SYD-01,Barangaroo International Tower 3,Sydney,Australia,510,510,0,5650.0,5650.0,0.0,777966545.01,777966545.01,0.0,64.85,63.57,84.21,84.21,False
Scenario 3: Strategic Footprint Rationalization,24,PROP-SYD-02,Macquarie Park Tech Pavilion,Sydney,Australia,480,480,0,4650.0,4650.0,0.0,444632722.78,444632722.78,0.0,56.78,55.66,73.18,73.18,False
Scenario 3: Strategic Footprint Rationalization,25,PROP-PNQ-03,Kalyani Nagar Gateway,Pune,India,310,248,62,3200.0,2560.0,640.0,50241566.02,44212578.1,6028987.92,47.59,58.86,65.65,82.06,False
