PropertyKey,PropertyCode,PropertyName,GeographyKey,FacilityTypeKey,OwnershipType,PropertyStatus,OpeningYear,RentableAreaSqM,UsableAreaSqM,CapacitySeats,AssignedHeadcount,FloorCount,MeetingRoomCount,BaseRentAnnualINR,TotalOccupiedHours,TotalAvailableHours,MaxPeakUtilizationRate,AvgPeakUtilizationRate,WorkingDaysCount,DaysUnderPressure,AverageUtilizationPct,PeakUtilizationPct,CapacityPressurePct,PressureQuadrant,Region,Country,City,AnnualOperatingCostINR,AverageDailyPresence,LeaseEndDate,ExpiryHorizonCategory,AnnualCostPerSeatINR,AnnualCostPerOccupiedSeatINR,AnnualCostPerSqMINR,Score_UtilizationInefficiency,Score_CostIntensity,Score_LeaseExposure,Score_CapacityPressure,Score_DataQualityRisk,PortfolioAttentionIndex,PrimaryAttentionDriver,AttentionRank,AttentionTier
6,PROP-BLR-01,Whitefield Innovation Campus Tower 1,103,2,Leased,Operational,2018,21000.0,17850.0,1980,2600,9,18,235620000.0,7179888.9,9578160.0,1.0,0.88741257931238,502,9513,74.96,88.74,1895.02,Capacity-constrained,India,India,Bengaluru,344026845.36,1462.0416666666667,2027-09-30,Expiring 6-12M,173750.93,235305.77,19273.21,25.04,29.93,75.0,1895.02,0.0,312.75,Peak Capacity Pressure,1,Immediate Attention
4,PROP-PNQ-01,Hinjawadi Tech Campus A,102,2,Owned,Operational,2016,18000.0,15500.0,1720,2150,8,16,0.0,5476268.0,8313120.0,1.0,0.833003145750332,502,7108,65.88,83.3,1415.94,Capacity-constrained,India,India,Pune,84067305.36,1122.05,N/A (Owned),Owned,48876.34,74922.96,5423.7,34.12,9.53,0.0,1415.94,0.0,224.53,Peak Capacity Pressure,2,Immediate Attention
11,PROP-HYD-01,HITEC City Cyber Horizon,105,2,Leased,Operational,2020,16000.0,13600.0,1500,1950,7,14,163200000.0,5139934.9,7248880.0,1.0,0.8656755644090306,502,6769,70.91,86.57,1348.41,Capacity-constrained,India,India,Hyderabad,243883184.89,1058.725,2029-04-30,Horizon > 24M,162588.79,230355.55,17932.59,29.09,29.3,10.0,1348.41,0.0,218.85,Peak Capacity Pressure,3,Immediate Attention
13,PROP-DEL-01,Gurugram Cyber City Tower 8,106,1,Leased,Operational,2019,11500.0,9775.0,980,1300,6,12,175950000.0,3024039.3,4738880.0,1.0,0.8386073041168659,502,5354,63.81,83.86,1066.53,Capacity-constrained,India,India,Delhi NCR,250278615.8,616.3958333333334,2027-06-30,Expiring 6-12M,255386.34,406035.54,25603.95,36.19,51.65,75.0,1066.53,0.0,196.17,Peak Capacity Pressure,4,Immediate Attention
7,PROP-BLR-02,Outer Ring Road Alpha Center,103,2,Leased,Operational,2021,14000.0,11900.0,1320,1700,6,12,171360000.0,4462851.0,6385440.0,1.0,0.8525913457281984,502,5574,69.89,85.26,1110.36,Capacity-constrained,India,India,Bengaluru,244988123.37,908.9416666666666,2028-02-29,Expiring 12-24M,185597.06,269531.18,20587.24,30.11,34.29,40.0,1110.36,25.0,194.19,Peak Capacity Pressure,5,Immediate Attention
3,PROP-BOM-03,Powai Horizon Office Park,101,3,Leased,Operational,2018,12500.0,10600.0,1250,1450,6,12,178000000.0,4400014.7,6034040.0,1.0,0.8453878818061089,502,5505,72.92,84.54,1096.61,Capacity-constrained,India,India,Mumbai,249572592.64,893.8249999999999,2029-12-31,Horizon > 24M,199658.07,279218.63,23544.58,27.08,35.52,10.0,1096.61,0.0,181.72,Peak Capacity Pressure,6,Elevated Priority
1,PROP-BOM-01,Nariman Point Business Centre,101,1,Leased,Operational,2017,8200.0,6800.0,620,820,5,10,204000000.0,1770039.2,3012000.0,1.0,0.788923213811421,502,3988,58.77,78.89,794.42,Consistently active,India,India,Mumbai,261713044.58,359.62083333333334,2027-03-31,Expiring <= 6M,422117.81,727747.17,38487.21,41.23,92.58,100.0,794.42,25.0,173.8,Peak Capacity Pressure,7,Elevated Priority
9,PROP-MAA-01,OMR Cyber Gateway,104,2,Leased,Operational,2019,13500.0,11475.0,1280,1500,6,12,123930000.0,3884013.5,6184640.0,1.0,0.806012583001328,502,4972,62.8,80.6,990.44,Capacity-constrained,India,India,Chennai,188592408.1,792.0749999999999,2028-07-31,Expiring 12-24M,147337.82,238099.18,16435.07,37.2,30.29,40.0,990.44,0.0,173.78,Peak Capacity Pressure,8,Elevated Priority
15,PROP-SGP-01,Marina Bay Financial Centre Tower 2,201,1,Leased,Operational,2017,6500.0,5400.0,480,680,4,8,617220000.0,1675111.7,2329280.0,1.0,0.873819422310757,502,4010,71.92,87.38,798.8,Capacity-constrained,Asia-Pacific,Singapore,Singapore,886669387.76,340.55833333333334,2027-02-28,Expiring <= 6M,1847227.89,2603575.66,164198.03,28.08,100.0,100.0,798.8,0.0,168.24,Peak Capacity Pressure,9,Elevated Priority
23,PROP-SYD-01,Barangaroo International Tower 3,205,1,Leased,Operational,2018,6800.0,5650.0,510,690,4,8,486532800.0,1595226.2,2459800.0,1.0,0.8420537848605578,502,3643,64.85,84.21,725.7,Capacity-constrained,Asia-Pacific,Australia,Sydney,777966545.01,324.21250000000003,2027-04-30,Expiring 6-12M,1525424.6,2399557.53,137693.19,35.15,100.0,75.0,725.7,0.0,154.4,Peak Capacity Pressure,10,Elevated Priority
21,PROP-JKT-01,Sudirman SCBD One Pacific,204,4,Leased,Operational,2019,4800.0,4050.0,380,510,3,6,77274000.0,1114327.7,1832300.0,1.0,0.810829238601151,502,2538,60.82,81.08,505.58,Capacity-constrained,Asia-Pacific,Indonesia,Jakarta,128096611.96,228.64166666666665,2027-07-31,Expiring 6-12M,337096.35,560250.52,31628.79,39.18,71.27,75.0,505.58,0.0,116.84,Peak Capacity Pressure,11,Elevated Priority
16,PROP-SGP-02,Changi Business Hub,201,2,Leased,Operational,2020,5800.0,4900.0,520,650,3,6,261366000.0,1509616.9,2520040.0,1.0,0.763300420540062,502,1915,59.9,76.33,381.47,Consistently active,Asia-Pacific,Singapore,Singapore,453469821.42,306.5208333333333,2029-08-31,Horizon > 24M,872057.35,1479409.46,92544.86,40.1,100.0,10.0,381.47,0.0,91.25,Peak Capacity Pressure,12,Elevated Priority
17,PROP-KUL-01,KL Sentral Corporate Suites,202,1,Leased,Operational,2018,5200.0,4350.0,420,530,3,6,76003200.0,1133578.2,2033100.0,1.0,0.740184772023019,502,1632,55.76,74.02,325.1,Consistently active,Asia-Pacific,Malaysia,Kuala Lumpur,122373704.28,230.79999999999998,2027-08-31,Expiring 6-12M,291365.96,530215.36,28131.89,44.24,67.45,75.0,325.1,0.0,90.53,Peak Capacity Pressure,13,Stable Operations
12,PROP-HYD-02,Gachibowli Financial Hub,105,4,Leased,Operational,2021,5200.0,4420.0,420,520,3,6,58344000.0,1092378.2,2033100.0,1.0,0.7502713811420982,502,1801,53.73,75.03,358.76,Underutilized,India,India,Hyderabad,85360488.48,222.60833333333335,2027-11-30,Expiring 12-24M,203239.26,383455.94,19312.33,46.27,48.78,40.0,358.76,0.0,85.45,Peak Capacity Pressure,14,Stable Operations
24,PROP-SYD-02,Macquarie Park Tech Pavilion,205,2,Leased,Operational,2020,5500.0,4650.0,480,580,3,6,246412800.0,1316890.6,2319240.0,1.0,0.7317743913235946,502,1439,56.78,73.18,286.65,Consistently active,Asia-Pacific,Australia,Sydney,444632722.78,267.1875,2028-06-30,Expiring 12-24M,926318.17,1664122.47,95619.94,43.22,100.0,40.0,286.65,0.0,83.96,Peak Capacity Pressure,15,Stable Operations
19,PROP-BKK-01,Sathorn Square Tower,203,4,Leased,Operational,2019,4200.0,3500.0,320,420,2,4,98700000.0,816560.6,1546160.0,1.0,0.749152855245684,502,1135,52.81,74.92,226.1,Underutilized,Asia-Pacific,Thailand,Bangkok,140933615.1,166.12916666666666,2027-09-30,Expiring 6-12M,440417.55,848337.58,40266.75,47.19,100.0,75.0,226.1,0.0,83.07,Peak Capacity Pressure,16,Stable Operations
22,PROP-JKT-02,Kuningan Tech Office Hub,204,3,Leased,Operational,2021,7200.0,6120.0,700,780,4,8,97308000.0,1849682.6,3373440.0,1.0,0.6845796314741035,502,1139,54.83,68.46,226.89,Underutilized,Asia-Pacific,Indonesia,Jakarta,167857147.04,377.45416666666665,2029-12-31,Horizon > 24M,239795.92,444708.69,27427.64,45.17,56.57,10.0,226.89,0.0,60.9,Peak Capacity Pressure,17,Stable Operations
2,PROP-BOM-02,BKC Central Tower B,101,4,Leased,Operational,2020,4500.0,3750.0,340,480,3,6,126000000.0,734465.8,1646560.0,1.0,0.6478943559096946,502,413,44.61,64.79,82.27,Underutilized,India,India,Mumbai,159908731.92,150.1875,2028-10-31,Horizon > 24M,470319.8,1064727.3,42642.33,55.39,100.0,10.0,82.27,25.0,54.71,High Cost Intensity,18,Stable Operations
10,PROP-MAA-02,Guindy Industrial Square,104,3,Leased,Operational,2018,7500.0,6375.0,750,820,4,8,65025000.0,1543509.3,3624440.0,0.8571,0.5205646746347942,502,1,42.59,52.06,0.2,Underutilized,India,India,Chennai,99251511.14,315.7083333333333,2027-03-31,Expiring <= 6M,132335.35,314377.23,15568.86,57.41,39.99,100.0,0.2,25.0,49.0,Near-Term Lease Expiry,19,Stable Operations
25,PROP-PNQ-03,Kalyani Nagar Gateway,102,4,Leased,Operational,2022,3800.0,3200.0,310,390,2,4,32640000.0,711928.6,1495960.0,1.0,0.6565312749003984,502,246,47.59,65.65,49.0,Underutilized,India,India,Pune,50241566.02,145.96666666666667,2028-02-29,Expiring 12-24M,162069.57,344198.9,15700.49,52.41,43.79,40.0,49.0,25.0,43.58,Low Utilization,20,Stable Operations
5,PROP-PNQ-02,Magarpatta Enterprise Park,102,3,Leased,Operational,2019,9200.0,7800.0,950,1050,5,10,74880000.0,1769205.3,4593300.0,1.0,0.4817189641434263,502,1,38.52,48.17,0.2,Underutilized,India,India,Pune,117789678.74,360.8333333333333,2027-05-31,Expiring 6-12M,123989.14,326437.91,15101.24,61.48,41.53,75.0,0.2,0.0,41.78,Low Utilization,21,Stable Operations
20,PROP-BKK-02,Asoke Exchange Office Suites,203,3,Leased,Operational,2020,6000.0,5100.0,580,640,3,6,107865000.0,1164965.4,2806180.0,0.8667,0.5072748118636565,502,1,41.51,50.73,0.2,Underutilized,Asia-Pacific,Thailand,Bangkok,161507881.4,236.40833333333333,2029-03-31,Horizon > 24M,278461.86,683173.39,31668.21,58.49,86.91,10.0,0.2,0.0,36.96,Low Utilization,22,Stable Operations
14,PROP-DEL-02,Noida Express Commercial Tower,106,3,Leased,Operational,2018,8800.0,7480.0,850,920,4,8,71808000.0,1917220.6,4106360.0,0.8947,0.579255411686587,502,21,46.69,57.93,4.18,Underutilized,India,India,Delhi NCR,115077359.43,392.9583333333333,2028-01-31,Expiring 12-24M,135385.13,292848.76,15384.67,53.31,37.25,40.0,4.18,0.0,32.07,Low Utilization,23,Stable Operations
18,PROP-KUL-02,Bangsar South Tech Centre,202,3,Leased,Operational,2021,7800.0,6630.0,780,890,4,8,86879520.0,1834186.3,3775040.0,0.9333,0.6130080843293493,502,124,48.59,61.3,24.7,Underutilized,Asia-Pacific,Malaysia,Kuala Lumpur,146909678.63,373.76666666666665,2028-12-31,Horizon > 24M,188345.74,393051.85,22158.32,51.41,50.0,10.0,24.7,0.0,31.13,Low Utilization,24,Stable Operations
8,PROP-BLR-03,Electronic City Systems Hub,103,3,Owned,Operational,2015,11000.0,9350.0,1100,1250,5,10,0.0,2639977.6,5321200.0,0.9412,0.6205047543160691,502,152,49.61,62.05,30.28,Underutilized,India,India,Bengaluru,49337327.25,542.4583333333334,N/A (Owned),Owned,44852.12,90951.37,5276.72,50.39,11.57,0.0,30.28,0.0,21.97,Low Utilization,25,Stable Operations
