LeaseKey,PropertyKey,LeaseContractNumber,LeaseStartDate,LeaseEndDate,LeaseType,RenewalOption,NoticePeriodMonths,AnnualRentINR,LeaseStatus,ExpiryHorizonCategory
201,1,LSE-BOM-01-2022,2022-04-01,2027-03-31,Triple Net (NNN),5-Year Extension at Market Rate,6,204000000.0,Expiring Near-Term,Expiring <= 6M
202,2,LSE-BOM-02-2020,2020-11-01,2028-10-31,Triple Net (NNN),5-Year Extension at Market Rate,6,126000000.0,Active,Horizon > 24M
203,3,LSE-BOM-03-2023,2023-01-01,2029-12-31,Triple Net (NNN),5-Year Extension at Market Rate,6,178000000.0,Active,Horizon > 24M
204,4,LSE-PNQ-01-2016,2016-01-01,N/A (Owned),Corporate Freehold,Not Applicable,0,0.0,Active (Owned),Owned
205,5,LSE-PNQ-02-2021,2021-06-01,2027-05-31,Triple Net (NNN),5-Year Extension at Market Rate,6,74880000.0,Active,Expiring 6-12M
206,6,LSE-BLR-01-2021,2021-10-01,2027-09-30,Triple Net (NNN),5-Year Extension at Market Rate,6,235620000.0,Active,Expiring 6-12M
207,7,LSE-BLR-02-2021,2021-03-01,2028-02-29,Triple Net (NNN),5-Year Extension at Market Rate,6,171360000.0,Active,Expiring 12-24M
208,8,LSE-BLR-03-2015,2015-01-01,N/A (Owned),Corporate Freehold,Not Applicable,0,0.0,Active (Owned),Owned
209,9,LSE-MAA-01-2022,2022-08-01,2028-07-31,Triple Net (NNN),5-Year Extension at Market Rate,6,123930000.0,Active,Expiring 12-24M
210,10,LSE-MAA-02-2021,2021-04-01,2027-03-31,Triple Net (NNN),5-Year Extension at Market Rate,6,65025000.0,Expiring Near-Term,Expiring <= 6M
211,11,LSE-HYD-01-2023,2023-05-01,2029-04-30,Triple Net (NNN),5-Year Extension at Market Rate,6,163200000.0,Active,Horizon > 24M
212,12,LSE-HYD-02-2021,2021-12-01,2027-11-30,Triple Net (NNN),5-Year Extension at Market Rate,6,58344000.0,Active,Expiring 12-24M
213,13,LSE-DEL-01-2021,2027-06-30,2021-07-01,Triple Net (NNN),5-Year Extension at Market Rate,6,175950000.0,Active,Expiring 6-12M
214,14,LSE-DEL-02-2022,2022-02-01,2028-01-31,Triple Net (NNN),5-Year Extension at Market Rate,6,71808000.0,Active,Expiring 12-24M
215,15,LSE-SGP-01-2022,2022-03-01,2027-02-28,Triple Net (NNN),5-Year Extension at Market Rate,6,617220000.0,Expiring Near-Term,Expiring <= 6M
216,16,LSE-SGP-02-2023,2023-09-01,2029-08-31,Triple Net (NNN),5-Year Extension at Market Rate,6,261366000.0,Active,Horizon > 24M
217,17,LSE-KUL-01-2021,2021-09-01,2027-08-31,Triple Net (NNN),5-Year Extension at Market Rate,6,76003200.0,Active,Expiring 6-12M
218,18,LSE-KUL-02-2023,2028-12-31,2023-01-01,Triple Net (NNN),5-Year Extension at Market Rate,6,86879520.0,Active,Horizon > 24M
219,19,LSE-BKK-01-2022,2022-10-01,2027-09-30,Triple Net (NNN),5-Year Extension at Market Rate,6,98700000.0,Active,Expiring 6-12M
220,20,LSE-BKK-02-2023,2023-04-01,,Triple Net (NNN),5-Year Extension at Market Rate,6,107865000.0,Active,Horizon > 24M
221,21,LSE-JKT-01-2021,2021-08-01,2027-07-31,Triple Net (NNN),5-Year Extension at Market Rate,6,77274000.0,Active,Expiring 6-12M
222,22,LSE-JKT-02-2024,2024-01-01,2029-12-31,Triple Net (NNN),5-Year Extension at Market Rate,6,97308000.0,Active,Horizon > 24M
223,23,LSE-SYD-01-2021,2021-05-01,2027-04-30,Triple Net (NNN),5-Year Extension at Market Rate,6,486532800.0,Active,Expiring 6-12M
224,24,LSE-SYD-02-2023,2023-07-01,2028-06-30,Triple Net (NNN),5-Year Extension at Market Rate,6,246412800.0,Active,Expiring 12-24M
225,25,LSE-PNQ-03-2022,2022-03-01,2028-02-29,Triple Net (NNN),5-Year Extension at Market Rate,6,32640000.0,Active,Expiring 12-24M
