CostFactKey,MonthDateKey,PropertyKey,OriginalCurrency,RentCost,ServiceCharge,EnergyCost,FacilitiesCost,MaintenanceCost,OtherOperatingCost,TotalOperatingCostLocal,FXRateToINR,TotalOperatingCostINR
3001,20241001,1,INR,17000000.0,1477178.27,1259154.82,1006908.65,561694.58,374441.16,21679377.48,1.0,21679377.48
3002,20241001,2,INR,10500000.0,907481.17,656515.7,616730.74,361349.05,231127.53,13273204.19,1.0,13273204.19
3003,20241001,3,INR,14833333.33,1719680.99,1960943.03,1175500.58,679013.24,415137.57,20783608.74,1.0,20783608.74
3004,20241001,4,INR,0.0,1687984.65,2815491.74,1165650.37,644015.16,412348.19,6725490.11,1.0,6725490.11
3005,20241001,5,INR,6240000.0,887016.01,1451541.55,610782.58,338568.26,228806.39,9756714.79,1.0,9756714.79
3006,20241001,6,INR,19635000.0,2389153.53,3288010.16,1688562.39,925651.63,587836.8,28514214.51,1.0,28514214.51
3007,20241001,7,INR,14280000.0,1646320.73,2065504.34,1158386.57,626925.57,431773.32,20208910.53,1.0,20208910.53
3008,20241001,8,INR,0.0,985872.6,1709618.89,700254.94,400647.59,236962.92,4033356.94,1.0,4033356.94
3009,20241001,9,INR,10327500.0,1397485.71,1984966.64,963654.93,563232.99,350178.58,15587018.85,1.0,15587018.85
3010,20241001,10,INR,5418750.0,709293.64,1131048.22,501978.68,295856.35,184046.22,8240973.11,1.0,8240973.11
3011,20241001,11,INR,13600000.0,1744445.72,2401326.37,1242672.99,720916.47,438203.27,20147564.82,1.0,20147564.82
3012,20241001,12,INR,4862000.0,590197.98,800433.25,424454.25,239104.9,140735.41,7056925.79,1.0,7056925.79
3013,20241001,13,INR,14662500.0,1836364.76,1712832.57,1249061.13,707953.73,443136.47,20611848.66,1.0,20611848.66
3014,20241001,14,INR,5984000.0,919654.32,1385568.59,642417.73,383930.79,221700.95,9537272.38,1.0,9537272.38
3015,20241001,15,SGD,810000.0,98196.19,120291.55,67678.29,37424.78,25014.96,1158605.77,63.5,73571466.39
3016,20241001,16,SGD,343000.0,57969.01,108542.77,40729.04,22246.12,14287.12,586774.06,63.5,37260152.81
3017,20241001,17,MYR,348000.0,61392.27,67349.11,43336.07,23806.29,14918.91,558802.65,18.2,10170208.23
3018,20241001,18,MYR,397800.0,71660.98,102098.24,50048.53,27854.59,17647.43,667109.77,18.2,12141397.81
3019,20241001,19,THB,3500000.0,426259.39,505740.23,290279.46,172003.35,101731.47,4996013.9,2.35,11740632.67
3020,20241001,20,THB,3825000.0,479394.67,730385.67,337992.66,189409.73,122016.08,5684198.81,2.35,13357867.2
3021,20241001,21,IDR,1215000000.0,225327517.12,265383330.84,161733721.21,87015220.74,57389763.03,2011849552.94,0.0053,10662802.63
3022,20241001,22,IDR,1530000000.0,288126333.89,386744848.7,201477070.01,116077442.89,75180077.69,2597605773.18,0.0053,13767310.6
3023,20241001,23,AUD,734500.0,121877.15,140983.95,86606.66,49461.61,31330.26,1164759.63,55.2,64294731.58
3024,20241001,24,AUD,372000.0,75168.24,113190.3,52301.63,31289.47,19552.7,663502.34,55.2,36625329.17
3025,20241001,25,INR,2720000.0,367484.43,556490.09,253267.16,149648.01,88139.24,4135028.93,1.0,4135028.93
3026,20241101,1,INR,17000000.0,1517864.87,1056473.35,1052976.79,606382.81,381148.04,21614845.86,1.0,21614845.86
3027,20241101,2,INR,10500000.0,913792.28,579826.23,652444.99,360094.2,235453.06,13241610.76,1.0,13241610.76
3028,20241101,3,INR,14833333.33,1678368.06,1614326.28,1191519.5,646589.27,425305.22,20389441.66,1.0,20389441.66
3029,20241101,4,INR,0.0,1716709.63,2392043.41,1175271.48,686516.39,417202.06,6387742.97,1.0,6387742.97
3030,20241101,5,INR,6240000.0,907492.36,1212556.27,634913.4,365329.27,224797.75,9585089.05,1.0,9585089.05
3031,20241101,6,INR,19635000.0,2397472.99,2651270.7,1641825.47,974251.0,608532.48,27908352.64,1.0,27908352.64
3032,20241101,7,INR,14280000.0,1633138.5,1848151.21,1152881.48,624189.37,409706.36,19948066.92,1.0,19948066.92
3033,20241101,8,INR,0.0,998010.74,1469903.28,694472.74,413647.99,252072.87,3828107.62,1.0,3828107.62
3034,20241101,9,INR,10327500.0,1378055.2,1735987.15,968846.05,558851.04,351677.43,15320916.87,1.0,15320916.87
3035,20241101,10,INR,5418750.0,696442.76,956837.01,500368.94,284572.91,180869.39,8037841.01,1.0,8037841.01
3036,20241101,11,INR,13600000.0,1770247.47,2161714.24,1245862.4,693532.47,428190.03,19899546.61,1.0,19899546.61
3037,20241101,12,INR,4862000.0,588387.74,686112.8,417246.23,246756.05,149093.14,6949595.96,1.0,6949595.96
3038,20241101,13,INR,14662500.0,1862576.34,1504896.56,1287726.38,779453.61,472932.57,20570085.46,1.0,20570085.46
3039,20241101,14,INR,5984000.0,953232.41,1131974.38,662473.04,370042.58,248414.73,9350137.14,1.0,9350137.14
3040,20241101,15,SGD,810000.0,95980.56,101421.67,67203.29,39536.91,23475.47,1137617.9,63.5,72238736.65
3041,20241101,16,SGD,343000.0,58612.55,91379.56,41211.49,24611.39,14207.86,573022.85,63.5,36386950.98
3042,20241101,17,MYR,348000.0,61516.99,54119.67,43932.05,23560.93,15790.89,546920.53,18.2,9953953.65
3043,20241101,18,MYR,397800.0,71694.02,86355.38,49180.24,30043.63,18228.98,653302.25,18.2,11890100.95
3044,20241101,19,THB,3500000.0,414289.3,419416.14,285510.7,173011.39,103595.42,4895822.95,2.35,11505183.93
3045,20241101,20,THB,-3825000.0,475279.58,619236.81,327306.03,196898.7,113435.83,-2092843.05,2.35,-4918181.17
3046,20241101,21,IDR,1215000000.0,219883324.1,221446679.1,157165432.52,90036182.8,54718149.83,1958249768.35,0.0053,10378723.77
3047,20241101,22,IDR,1530000000.0,289256940.32,325421549.52,201731665.34,117674913.47,72961886.79,2537046955.44,0.0053,13446348.86
3048,20241101,23,AUD,734500.0,126520.43,116142.8,91054.87,49082.2,32951.08,1150251.38,55.2,63493876.18
3049,20241101,24,AUD,372000.0,74533.58,96384.67,50773.5,28717.04,18314.87,640723.66,55.2,35367946.03
3050,20241101,25,INR,2720000.0,366067.86,505606.78,260875.53,147330.36,91012.19,4090892.72,1.0,4090892.72
3051,20241201,1,INR,17000000.0,1507987.03,1039119.55,1065357.65,588952.66,393615.75,21595032.64,1.0,21595032.64
3052,20241201,2,INR,10500000.0,912758.03,577902.54,639244.26,358092.93,224370.83,13212368.59,1.0,13212368.59
3053,20241201,3,INR,14833333.33,1666889.61,1574585.97,1191130.88,680815.81,397968.76,20344724.36,1.0,20344724.36
3054,20241201,4,INR,0.0,1674342.96,2379813.85,1169748.95,687601.85,410434.9,6321942.51,1.0,6321942.51
3055,20241201,5,INR,6240000.0,906666.8,1234833.07,652389.61,348444.35,225490.44,9607824.27,1.0,9607824.27
3056,20241201,6,INR,19635000.0,2452289.73,2736305.18,1707152.51,1023889.03,615987.92,28170624.37,1.0,28170624.37
3057,20241201,7,INR,14280000.0,1675405.33,1765105.6,1201346.96,648618.86,405955.97,19976432.72,1.0,19976432.72
3058,20241201,8,INR,0.0,993255.73,1482304.3,702575.19,386350.33,247283.97,3811769.52,1.0,3811769.52
3059,20241201,9,INR,10327500.0,1404486.35,1768393.26,999316.69,549933.86,350947.54,15400577.7,1.0,15400577.7
3060,20241201,10,INR,5418750.0,697808.02,992478.49,498604.08,280487.3,173887.34,8062015.23,1.0,8062015.23
3061,20241201,11,INR,13600000.0,1740335.37,2147843.28,1218538.9,718112.96,450839.8,19875670.31,1.0,19875670.31
3062,20241201,12,INR,4862000.0,584883.24,654472.37,407379.32,223870.67,151180.67,6883786.27,1.0,6883786.27
3063,20241201,13,INR,14662500.0,1828902.13,1510068.49,1257614.37,705832.05,447434.83,20412351.87,1.0,20412351.87
3064,20241201,14,INR,5984000.0,934984.41,1107617.56,652921.35,372678.08,245158.96,9297360.36,1.0,9297360.36
3065,20241201,15,SGD,810000.0,96017.95,104351.03,68355.32,37488.57,23292.96,1139505.83,63.5,72358620.2
3066,20241201,16,SGD,343000.0,58013.91,94333.32,39791.43,22828.27,15217.69,573184.62,63.5,36397223.37
3067,20241201,17,MYR,348000.0,61833.3,57196.96,42051.53,23901.35,16099.51,549082.65,18.2,9993304.23
3068,20241201,18,MYR,397800.0,72888.98,81419.19,51890.74,28227.29,18830.25,651056.45,18.2,11849227.39
3069,20241201,19,THB,3500000.0,412852.57,403515.27,290479.78,167450.1,102569.03,4876866.75,2.35,11460636.86
3070,20241201,20,THB,3825000.0,479246.75,608208.73,334632.03,182631.83,125601.72,5555321.06,2.35,13055004.49
3071,20241201,21,IDR,1215000000.0,220450416.46,217088739.69,158754763.6,87442874.01,57120082.81,1955856876.57,0.0053,10366041.45
3072,20241201,22,IDR,1530000000.0,296871589.85,326310522.29,211736691.09,113104902.72,76546946.0,2554570651.95,0.0053,13539224.46
3073,20241201,23,AUD,734500.0,122009.08,124452.6,84123.85,50417.21,31714.05,1147216.79,55.2,63326366.81
3074,20241201,24,AUD,372000.0,72959.66,102037.76,49864.53,30372.73,17508.22,644742.9,55.2,35589808.08
3075,20241201,25,INR,2720000.0,372730.98,488483.4,264071.38,156246.01,90617.59,4092149.36,1.0,4092149.36
3076,20250101,1,INR,17000000.0,1473324.01,1039036.73,1054533.61,585360.91,366903.46,21519158.72,1.0,21519158.72
3077,20250101,2,INR,10500000.0,909980.22,571056.04,622590.02,359661.31,226630.96,13189918.55,1.0,13189918.55
3078,20250101,3,INR,14833333.33,1729830.48,1568483.92,1221771.01,665360.43,439844.6,20458623.77,1.0,20458623.77
3079,20250101,4,INR,0.0,1702796.05,2287510.92,1201599.55,655607.26,417052.92,6264566.7,1.0,6264566.7
3080,20250101,5,INR,6240000.0,886246.46,1217499.39,608511.39,364207.64,214548.69,9531013.57,1.0,9531013.57
3081,20250101,6,INR,19635000.0,2412817.62,2716395.81,1674340.27,1008119.6,617277.58,28063950.88,1.0,28063950.88
3082,20250101,7,INR,14280000.0,1655904.51,1880284.74,1154252.99,672051.55,407403.85,20049897.64,1.0,20049897.64
3083,20250101,8,INR,0.0,969665.25,1440408.49,698339.29,383446.71,231056.5,3722916.24,1.0,3722916.24
3084,20250101,9,INR,10327500.0,1367582.76,1709583.77,947748.99,547311.79,333108.91,15232836.22,1.0,15232836.22
3085,20250101,10,INR,5418750.0,687430.87,996067.74,485752.84,269462.92,178411.3,8035875.67,1.0,8035875.67
3086,20250101,11,INR,13600000.0,1764469.14,2139545.75,1200622.14,731143.48,440552.1,19876332.61,1.0,19876332.61
3087,20250101,12,INR,4862000.0,586176.64,669287.7,405865.57,226745.28,153694.87,6903770.06,1.0,6903770.06
3088,20250101,13,INR,14662500.0,1874423.3,1543244.34,1332251.02,755982.86,450490.51,20618892.03,1.0,20618892.03
3089,20250101,14,INR,5984000.0,934157.83,1160132.31,644045.79,377757.96,225432.44,9325526.33,1.0,9325526.33
3090,20250101,15,SGD,810000.0,97474.45,103279.46,68885.54,39078.79,24995.51,1143713.75,63.5,72625823.12
3091,20250101,16,SGD,343000.0,58138.44,93360.0,40897.23,24384.93,15185.21,574965.81,63.5,36510328.94
3092,20250101,17,MYR,348000.0,61588.2,54289.87,41909.49,24014.62,15721.67,545523.85,18.2,9928534.07
3093,20250101,18,MYR,397800.0,74318.09,81576.06,50798.93,29941.3,17708.78,652143.16,18.2,11869005.51
3094,20250101,19,THB,3500000.0,419699.41,405238.5,294845.73,165101.42,107283.97,4892169.03,2.35,11496597.22
3095,20250101,20,THB,3825000.0,494127.27,604440.15,352517.58,206241.87,118951.66,5601278.53,2.35,13163004.55
3096,20250101,21,IDR,1215000000.0,221233208.06,224402807.14,151822843.47,88464235.96,54350124.33,1955273218.96,0.0053,10362948.06
3097,20250101,22,IDR,1530000000.0,298739451.25,339348841.36,211271662.91,116687875.01,71093749.54,2567141580.07,0.0053,13605850.37
3098,20250101,23,AUD,734500.0,125090.22,124445.01,89465.32,52515.59,31049.71,1157065.85,55.2,63870034.92
3099,20250101,24,AUD,372000.0,73237.32,95470.6,52072.31,29759.11,18544.78,641084.12,55.2,35387843.42
3100,20250101,25,INR,2720000.0,363445.26,498615.43,256600.55,138518.06,89924.36,4067103.66,1.0,4067103.66
3101,20250201,1,INR,17000000.0,1493866.65,1198316.83,1042391.96,624630.08,365046.22,21724251.74,1.0,21724251.74
3102,20250201,2,INR,10500000.0,888121.63,668074.94,636476.92,362185.71,211479.57,13266338.77,1.0,13266338.77
3103,20250201,3,INR,14833333.33,1693517.3,1981468.39,1172512.87,668108.48,426328.94,20775269.31,1.0,20775269.31
3104,20250201,4,INR,0.0,1700489.87,2804760.02,1199411.4,650425.81,436305.3,6791392.4,1.0,6791392.4
3105,20250201,5,INR,6240000.0,898611.07,1420453.31,619115.2,368549.94,222652.3,9769381.82,1.0,9769381.82
3106,20250201,6,INR,19635000.0,2377539.41,3219974.35,1672514.76,937300.55,610979.48,28453308.55,1.0,28453308.55
3107,20250201,7,INR,14280000.0,1693003.61,2118886.18,1160652.49,667220.07,434455.51,20354217.86,1.0,20354217.86
3108,20250201,8,INR,0.0,996876.83,1623913.11,680422.59,403091.85,240477.09,3944781.47,1.0,3944781.47
3109,20250201,9,INR,10327500.0,1371739.59,2100989.27,969179.41,523901.64,359825.38,15653135.29,1.0,15653135.29
3110,20250201,10,INR,5418750.0,689528.19,1178886.46,480429.99,277332.3,164481.12,8209408.06,1.0,8209408.06
3111,20250201,11,INR,13600000.0,1754913.74,2507763.04,1240397.63,734419.54,449525.23,20287019.18,1.0,20287019.18
3112,20250201,12,INR,4862000.0,606274.02,807177.64,420834.23,234379.08,151004.89,7081669.86,1.0,7081669.86
3113,20250201,13,INR,14662500.0,1838309.19,1795115.39,1257815.1,703915.95,466703.87,20724359.5,1.0,20724359.5
3114,20250201,14,INR,5984000.0,922659.52,1323387.29,658732.99,379751.96,230948.36,9499480.12,1.0,9499480.12
3115,20250201,15,SGD,810000.0,97560.24,123488.67,69041.99,37092.6,23749.2,1160932.7,63.5,73719226.45
3116,20250201,16,SGD,343000.0,59276.73,111790.14,41201.56,23231.87,14238.77,592739.07,63.5,37638930.95
3117,20250201,17,MYR,348000.0,61474.65,63169.5,43713.95,24227.34,15105.89,555691.33,18.2,10113582.21
3118,20250201,18,MYR,397800.0,73275.63,102542.11,51670.75,28630.51,18513.02,672432.02,18.2,12238262.76
3119,20250201,19,THB,3500000.0,421437.74,472557.7,293620.11,170454.66,100444.06,4958514.27,2.35,11652508.53
3120,20250201,20,THB,3825000.0,476882.41,-740353.81,329689.39,189314.63,115106.24,5676346.48,2.35,13339414.23
3121,20250201,21,IDR,1215000000.0,225719575.52,263864817.41,154536831.27,92062006.85,58411172.42,2009594403.47,0.0053,10650850.34
3122,20250201,22,IDR,1530000000.0,297694509.76,391341274.44,205994841.09,122222657.79,77922355.04,2625175638.12,0.0053,13913430.88
3123,20250201,23,AUD,734500.0,125323.45,141610.51,86830.36,48850.48,30875.86,1167990.66,55.2,64473084.43
3124,20250201,24,AUD,372000.0,74839.67,118560.08,51380.59,29354.61,19639.43,665774.38,55.2,36750745.78
3125,20250201,25,INR,2720000.0,368456.46,567377.86,257846.24,151003.19,90277.02,4154960.77,1.0,4154960.77
3126,20250301,1,INR,17000000.0,1518077.44,1176251.25,1086230.81,580727.63,364435.12,21725722.25,1.0,21725722.25
3127,20250301,2,INR,10500000.0,895742.02,679823.72,636931.07,371311.25,220800.93,13304608.99,1.0,13304608.99
3128,20250301,3,INR,14833333.33,1686558.37,1951793.91,1195996.08,700014.14,425207.94,20792903.77,1.0,20792903.77
3129,20250301,4,INR,0.0,1722213.8,2895581.73,1180373.32,1049908.14,431200.27,7279277.26,1.0,7279277.26
3130,20250301,5,INR,6240000.0,901938.96,1419798.57,623685.96,350655.82,215037.2,9751116.51,1.0,9751116.51
3131,20250301,6,INR,19635000.0,2454455.1,3084511.04,1708666.85,1006312.29,642331.38,28531276.66,1.0,28531276.66
3132,20250301,7,INR,14280000.0,1656068.86,2139290.68,1185676.77,668148.43,426487.68,20355672.42,1.0,20355672.42
3133,20250301,8,INR,0.0,962866.22,1705163.49,688272.81,633620.02,234638.4,4224560.94,1.0,4224560.94
3134,20250301,9,INR,10327500.0,1359432.94,1986870.2,938706.01,542793.78,351058.22,15506361.15,1.0,15506361.15
3135,20250301,10,INR,5418750.0,712484.35,1104406.57,513192.45,282688.69,183109.63,8214631.69,1.0,8214631.69
3136,20250301,11,INR,13600000.0,1778359.02,2379509.61,1221530.38,683001.5,447464.27,20109864.78,1.0,20109864.78
3137,20250301,12,INR,4862000.0,595194.7,824944.05,409607.51,374015.8,143969.13,7209731.19,1.0,7209731.19
3138,20250301,13,INR,14662500.0,1870262.54,1727383.35,1284028.87,744151.91,464577.17,20752903.84,1.0,20752903.84
3139,20250301,14,INR,5984000.0,928588.55,1320547.27,640345.91,376526.23,225151.63,9475159.59,1.0,9475159.59
3140,20250301,15,SGD,810000.0,98101.88,117783.84,68178.87,40491.8,25329.55,1159885.94,63.5,73652757.19
3141,20250301,16,SGD,343000.0,58712.45,111109.06,41379.51,36520.81,14624.3,605346.13,63.5,38439479.26
3142,20250301,17,MYR,348000.0,61515.08,64574.16,42312.65,24544.91,15788.2,556735.0,18.2,10132577.0
3143,20250301,18,MYR,397800.0,72916.22,102871.94,50366.22,29691.63,17776.25,671422.26,18.2,12219885.13
3144,20250301,19,THB,3500000.0,413096.61,473863.05,289192.13,163237.69,106269.55,4945659.03,2.35,11622298.72
3145,20250301,20,THB,3825000.0,492627.78,740718.04,348529.23,306315.09,117455.49,5830645.63,2.35,13702017.23
3146,20250301,21,IDR,1215000000.0,223491595.7,260115454.68,155471329.92,88618018.38,55001459.49,1997697858.17,0.0053,10587798.65
3147,20250301,22,IDR,1530000000.0,292407802.93,394961171.37,202631295.08,122557482.37,70634536.25,2613192288.0,0.0053,13849919.13
3148,20250301,23,AUD,734500.0,126040.77,141438.29,86770.23,50424.35,32306.27,1171479.91,55.2,64665691.03
3149,20250301,24,AUD,372000.0,73559.64,114149.77,50085.09,48814.85,18874.64,677483.99,55.2,37397116.25
3150,20250301,25,INR,2720000.0,374468.67,579759.56,267742.71,155364.35,90487.35,4187822.64,1.0,4187822.64
3151,20250401,1,INR,17000000.0,1498701.68,1524900.48,1040361.79,580705.43,382823.36,22027492.74,1.0,22027492.74
3152,20250401,2,INR,10500000.0,886391.13,870415.05,611986.14,359757.92,222723.56,13451273.8,1.0,13451273.8
3153,20250401,3,INR,14833333.33,1672851.42,2328574.85,1169677.82,690708.46,432045.44,21127191.32,1.0,21127191.32
3154,20250401,4,INR,0.0,1703521.34,3588484.27,1166504.99,663054.54,445623.35,7567188.49,1.0,7567188.49
3155,20250401,5,INR,6240000.0,895787.82,1687442.53,634084.29,351511.62,222531.08,10031357.34,1.0,10031357.34
3156,20250401,6,INR,19635000.0,2413580.5,4115833.66,1723598.22,927699.08,580485.66,29396197.12,1.0,29396197.12
3157,20250401,7,INR,14280000.0,1689876.45,2615904.74,1176529.44,645514.7,428009.6,20835834.93,1.0,20835834.93
3158,20250401,8,INR,0.0,977537.61,2069275.94,703052.9,397263.56,238774.25,4385904.26,1.0,4385904.26
3159,20250401,9,INR,10327500.0,1370005.14,2489342.31,955264.16,573042.82,354689.81,16069844.24,1.0,16069844.24
3160,20250401,10,INR,5418750.0,701379.86,1439161.35,503379.88,290281.72,178117.71,8531070.52,1.0,8531070.52
3161,20250401,11,INR,13600000.0,1792713.63,3113166.21,1244597.11,701480.36,466991.75,20918949.06,1.0,20918949.06
3162,20250401,12,INR,4862000.0,599948.0,964094.31,411356.57,228424.38,144673.91,7210497.17,1.0,7210497.17
3163,20250401,13,INR,14662500.0,1873198.96,2277973.76,1315721.16,748320.66,469058.49,21346773.03,1.0,21346773.03
3164,20250401,14,INR,5984000.0,936821.92,1687278.21,653119.14,358456.91,228955.03,9848631.21,1.0,9848631.21
3165,20250401,15,SGD,810000.0,97625.01,152355.49,68575.31,40102.0,24295.72,1192953.53,63.5,75752549.16
3166,20250401,16,SGD,343000.0,58281.4,133778.67,40880.11,22725.7,14298.41,612964.29,63.5,38923232.41
3167,20250401,17,MYR,348000.0,60143.68,80246.99,41081.94,23309.51,14489.03,567271.15,18.2,10324334.93
3168,20250401,18,MYR,397800.0,73558.21,124541.41,52038.23,28651.31,18265.88,694855.04,18.2,12646361.73
3169,20250401,19,THB,3500000.0,424697.65,591085.96,299934.21,176758.29,104111.48,5096587.59,2.35,11976980.84
3170,20250401,20,THB,3825000.0,489299.26,862367.28,333393.43,203049.89,117622.74,5830732.6,2.35,13702221.61
3171,20250401,21,IDR,1215000000.0,226618445.95,330859948.04,161858022.68,91799574.32,56587985.2,2082723976.19,0.0053,11038437.07
3172,20250401,22,IDR,1530000000.0,296392905.19,503691426.47,209543750.73,122736152.24,73734287.09,2736098521.72,0.0053,14501322.17
3173,20250401,23,AUD,734500.0,124344.07,182021.48,88017.83,49703.79,31296.01,1209883.18,55.2,66785551.54
3174,20250401,24,AUD,372000.0,74011.14,142888.49,52887.58,29920.66,18120.71,689828.58,55.2,38078537.62
3175,20250401,25,INR,2720000.0,374282.42,718064.49,254626.85,156693.27,92085.5,4315752.53,1.0,4315752.53
3176,20250501,1,INR,17000000.0,1509750.21,1537954.0,1063791.29,627711.6,381152.68,22120359.78,1.0,22120359.78
3177,20250501,2,INR,10500000.0,901277.96,823036.84,614422.92,359957.79,222788.2,13421483.71,1.0,13421483.71
3178,20250501,3,INR,14833333.33,1723774.22,2402144.61,1187909.49,673760.36,448075.4,21268997.41,1.0,21268997.41
3179,20250501,4,INR,0.0,1722041.51,3417667.72,1227569.54,672000.38,442462.39,7481741.54,1.0,7481741.54
3180,20250501,5,INR,6240000.0,890655.93,1796449.9,630179.74,363643.11,211604.62,10132533.3,1.0,10132533.3
3181,20250501,6,INR,19635000.0,2415303.35,4157464.53,1670725.56,942400.79,622529.6,29443423.83,1.0,29443423.83
3182,20250501,7,INR,14280000.0,1682929.48,2730091.3,1153452.32,670232.81,410125.8,20926831.71,1.0,20926831.71
3183,20250501,8,INR,0.0,1000382.74,2105760.77,708249.11,407746.22,254799.25,4476938.09,1.0,4476938.09
3184,20250501,9,INR,10327500.0,1397264.87,2642530.35,986136.34,559365.37,342309.39,16255106.32,1.0,16255106.32
3185,20250501,10,INR,5418750.0,697861.03,1377233.79,475610.98,289090.98,177403.43,8435950.21,1.0,8435950.21
3186,20250501,11,INR,13600000.0,1746165.46,3047235.49,1217171.72,721657.9,428371.39,20760601.96,1.0,20760601.96
3187,20250501,12,INR,4862000.0,608098.77,983235.13,418508.57,248121.25,150362.05,7270325.77,1.0,7270325.77
3188,20250501,13,INR,14662500.0,1890386.63,2199166.85,1345637.06,767539.39,476906.1,21342136.03,1.0,21342136.03
3189,20250501,14,INR,5984000.0,945644.96,1677308.65,654959.38,359754.48,245343.78,9867011.25,1.0,9867011.25
3190,20250501,15,SGD,810000.0,96875.37,151256.92,68679.49,37816.95,25035.45,1189664.18,63.5,75543675.43
3191,20250501,16,SGD,343000.0,57758.26,139838.69,39545.49,23080.13,14577.59,617800.16,63.5,39230310.16
3192,20250501,17,MYR,348000.0,61230.37,84297.02,43720.25,25348.15,14879.65,577475.44,18.2,10510053.01
3193,20250501,18,MYR,397800.0,74067.72,127571.94,51476.5,30392.71,18145.58,699454.45,18.2,12730070.99
3194,20250501,19,THB,3500000.0,423423.78,593198.34,288094.08,169198.25,104273.93,5078188.38,2.35,11933742.69
3195,20250501,20,THB,3825000.0,476982.76,906126.71,341845.48,184976.27,121793.84,5856725.06,2.35,13763303.89
3196,20250501,21,IDR,1215000000.0,224335183.83,316206385.84,159957619.76,91353209.71,55429239.55,2062281638.69,0.0053,10930092.69
3197,20250501,22,IDR,1530000000.0,298114239.23,479845866.37,209816613.34,116458543.85,74003103.85,2708238366.64,0.0053,14353663.34
3198,20250501,23,AUD,734500.0,123440.31,173517.97,86436.91,50980.13,30411.85,1199287.17,55.2,66200651.78
3199,20250501,24,AUD,372000.0,73377.68,141278.01,51377.92,29807.13,18083.03,685923.77,55.2,37862992.1
3200,20250501,25,INR,2720000.0,374635.01,735048.53,265624.3,143537.41,95849.76,4334695.01,1.0,4334695.01
3201,20250601,1,INR,17000000.0,1524125.47,1504120.96,1042437.79,624469.11,391059.82,22086213.15,1.0,22086213.15
3202,20250601,2,INR,10500000.0,891125.85,821542.17,640519.42,348545.62,211854.31,13413587.37,1.0,13413587.37
3203,20250601,3,INR,14833333.33,1719080.55,2317600.28,1216049.81,689537.8,431853.65,21207455.42,1.0,21207455.42
3204,20250601,4,INR,0.0,1734663.62,3423502.98,1236074.03,678923.65,447342.67,7520506.95,1.0,7520506.95
3205,20250601,5,INR,6240000.0,886152.71,1705054.48,623321.37,342619.96,214042.24,10011190.76,1.0,10011190.76
3206,20250601,6,INR,19635000.0,2396169.09,3969488.3,1646959.65,979282.23,595365.07,29222264.34,1.0,29222264.34
3207,20250601,7,INR,14280000.0,1693472.78,2642157.17,1207477.72,659895.48,424533.08,20907536.23,1.0,20907536.23
3208,20250601,8,INR,0.0,962146.08,2089776.04,664725.01,372695.03,229480.48,4318822.64,1.0,4318822.64
3209,20250601,9,INR,10327500.0,1391453.7,2500567.88,1002758.88,566803.97,353705.18,16142789.61,1.0,16142789.61
3210,20250601,10,INR,5418750.0,706782.98,1487183.92,508534.54,295841.16,170415.65,8587508.25,1.0,8587508.25
3211,20250601,11,INR,13600000.0,1786585.92,3062046.42,1260632.92,718540.75,455633.2,20883439.21,1.0,20883439.21
3212,20250601,12,INR,4862000.0,591167.52,998222.12,421228.87,246874.09,153086.47,7272579.07,1.0,7272579.07
3213,20250601,13,INR,14662500.0,1841418.85,2212808.14,1309942.06,716123.62,469075.19,21211867.86,1.0,21211867.86
3214,20250601,14,INR,5984000.0,920034.04,1691937.8,632961.42,364545.24,237479.63,9830958.13,1.0,9830958.13
3215,20250601,15,SGD,810000.0,97697.71,146424.87,69261.78,39890.1,23751.29,1187025.75,63.5,75376135.12
3216,20250601,16,SGD,343000.0,59921.18,130519.94,41688.04,23743.74,15714.15,614587.05,63.5,39026277.68
3217,20250601,17,MYR,348000.0,62067.33,84016.66,44108.4,24879.64,15810.35,578882.38,18.2,10535659.32
3218,20250601,18,MYR,397800.0,73966.29,120924.16,52303.69,30448.24,18976.48,694418.86,18.2,12638423.25
3219,20250601,19,THB,3500000.0,418823.43,616881.44,294400.53,163061.12,100900.28,5094066.8,2.35,11971056.98
3220,20250601,20,THB,3825000.0,488205.22,867938.05,333431.2,197141.53,123334.49,5835050.49,2.35,13712368.65
3221,20250601,21,IDR,1215000000.0,219638708.42,320419719.03,155656880.68,89573096.91,52518888.6,2052807293.64,0.0053,10879878.66
3222,20250601,22,IDR,1530000000.0,296618932.03,494743099.01,204242929.17,114786381.49,73851524.16,2714242865.86,0.0053,14385487.19
3223,20250601,23,AUD,734500.0,126098.22,179651.27,89503.5,50356.02,32887.91,1212996.92,55.2,66957429.98
3224,20250601,24,AUD,372000.0,74794.98,149174.76,52621.39,29602.89,18656.89,696850.91,55.2,38466170.23
3225,20250601,25,INR,2720000.0,372895.43,708511.44,255042.03,144993.35,91994.81,4293437.06,1.0,4293437.06
3226,20250701,1,INR,17000000.0,1478737.67,1504932.89,1008327.23,608295.67,379656.86,21979950.32,1.0,21979950.32
3227,20250701,2,INR,10500000.0,911858.81,844407.13,628694.37,356761.84,238320.02,13480042.17,1.0,13480042.17
3228,20250701,3,INR,14833333.33,1693614.1,2387649.47,1201700.16,646270.51,440406.0,21202973.57,1.0,21202973.57
3229,20250701,4,INR,0.0,1721036.94,3610287.1,1177640.56,675162.04,425747.32,7609873.96,1.0,7609873.96
3230,20250701,5,INR,6240000.0,900215.5,1740200.65,616266.44,352625.59,226443.69,10075751.87,1.0,10075751.87
3231,20250701,6,INR,19635000.0,2372740.55,3985905.68,1698463.96,911873.18,608543.66,29212527.03,1.0,29212527.03
3232,20250701,7,INR,14280000.0,1694266.95,2581166.6,1170877.71,670351.38,444556.89,20841219.53,1.0,20841219.53
3233,20250701,8,INR,0.0,962567.0,2114087.38,659778.91,400590.83,240342.27,4377366.39,1.0,4377366.39
3234,20250701,9,INR,10327500.0,1370269.81,2523147.52,986452.68,570484.07,347763.54,16125617.62,1.0,16125617.62
3235,20250701,10,INR,5418750.0,691144.07,1468768.35,471409.86,269381.11,169838.75,8489292.14,1.0,8489292.14
3236,20250701,11,INR,13600000.0,1747366.56,3112589.87,1189233.13,708657.51,451558.51,20809405.58,1.0,20809405.58
3237,20250701,12,INR,4862000.0,598432.74,995887.38,417125.45,236482.01,145235.34,7255162.92,1.0,7255162.92
3238,20250701,13,INR,14662500.0,1890114.98,2165598.48,1289790.08,766966.3,453926.89,21228896.73,1.0,21228896.73
3239,20250701,14,INR,5984000.0,942849.15,1639242.56,672672.6,387314.78,227715.05,9853794.14,1.0,9853794.14
3240,20250701,15,SGD,810000.0,95372.29,153396.51,65241.93,39329.81,23366.11,1186706.65,63.5,75355872.27
3241,20250701,16,SGD,343000.0,57968.58,135665.34,39785.75,23450.26,14795.09,614665.02,63.5,39031228.77
3242,20250701,17,MYR,348000.0,61500.73,82741.24,41862.64,23908.23,16105.84,574118.68,18.2,10448959.98
3243,20250701,18,MYR,397800.0,72715.1,121918.35,50810.88,29658.29,18946.8,691849.42,18.2,12591659.44
3244,20250701,19,THB,3500000.0,413854.97,599552.45,291762.86,160483.12,107178.29,5072831.69,2.35,11921154.47
3245,20250701,20,THB,3825000.0,490644.18,875457.81,350639.74,194999.32,118629.2,5855370.25,2.35,13760120.09
3246,20250701,21,IDR,1215000000.0,223483527.07,322908251.32,154021669.23,85360801.27,54056237.92,2054830486.81,0.0053,10890601.58
3247,20250701,22,IDR,1530000000.0,291540163.79,513454644.47,200986848.35,114637540.57,69740334.48,2720359531.66,0.0053,14417905.52
3248,20250701,23,AUD,734500.0,123593.52,181625.15,84741.71,48980.81,29507.59,1202948.78,55.2,66402772.66
3249,20250701,24,AUD,372000.0,74523.76,142375.15,53320.15,30332.46,19017.31,691568.83,55.2,38174599.42
3250,20250701,25,INR,2720000.0,374792.3,737418.06,259811.61,148042.75,94404.24,4334468.96,1.0,4334468.96
3251,20250801,1,INR,17000000.0,1471096.92,1269189.49,1010539.1,613483.17,366702.94,21731011.62,1.0,21731011.62
3252,20250801,2,INR,10500000.0,917048.28,661263.33,624026.22,381049.26,233977.03,13317364.12,1.0,13317364.12
3253,20250801,3,INR,14833333.33,1665606.53,1882802.47,1166335.37,674759.75,417757.52,20640594.97,1.0,20640594.97
3254,20250801,4,INR,0.0,1699226.11,2789843.25,1220513.24,673694.87,422352.97,6805630.44,1.0,6805630.44
3255,20250801,5,INR,6240000.0,906374.87,1433919.44,629981.4,371155.97,219070.16,9800501.84,1.0,9800501.84
3256,20250801,6,INR,19635000.0,2386435.89,3129610.55,1689647.36,910373.14,570535.26,28321602.2,1.0,28321602.2
3257,20250801,7,INR,14280000.0,1659052.09,2125375.49,1132042.63,637091.08,427688.64,20261249.93,1.0,20261249.93
3258,20250801,8,INR,0.0,986323.58,1695512.69,685099.21,393820.69,248857.1,4009613.27,1.0,4009613.27
3259,20250801,9,INR,10327500.0,1380124.94,2142847.0,949219.43,572936.47,347197.06,15719824.9,1.0,15719824.9
3260,20250801,10,INR,5418750.0,696426.9,1168191.77,481720.01,266714.39,174386.95,8206190.02,1.0,8206190.02
3261,20250801,11,INR,13600000.0,1750699.04,2427175.52,1217137.39,724682.91,456019.59,20175714.45,1.0,20175714.45
3262,20250801,12,INR,4862000.0,588194.71,792830.24,418718.17,238462.08,141095.61,7041300.81,1.0,7041300.81
3263,20250801,13,INR,14662500.0,1852294.74,1788356.33,1331176.15,752039.81,450732.96,20837099.99,1.0,20837099.99
3264,20250801,14,INR,5984000.0,945959.79,1356094.11,658448.36,374576.46,245856.1,9564934.82,1.0,9564934.82
3265,20250801,15,SGD,810000.0,98754.63,119951.3,67322.38,40456.49,24910.91,1161395.71,63.5,73748627.58
3266,20250801,16,SGD,343000.0,58650.55,103664.88,41154.31,24141.74,15171.33,585782.81,63.5,37197208.44
3267,20250801,17,MYR,348000.0,61902.55,62863.67,44384.62,24575.88,15573.74,557300.46,18.2,10142868.37
3268,20250801,18,MYR,397800.0,71885.09,99545.97,50939.73,27678.64,17488.89,665338.32,18.2,12109157.42
3269,20250801,19,THB,3500000.0,422328.62,489633.0,303977.89,168558.41,101470.49,4985968.41,2.35,11717025.76
3270,20250801,20,THB,3825000.0,478823.98,719032.21,329992.47,184318.58,119505.54,5656672.78,2.35,13293181.03
3271,20250801,21,IDR,1215000000.0,219798183.7,271842343.1,150844505.53,85839162.57,56798512.83,2000122707.73,0.0053,10600650.35
3272,20250801,22,IDR,1530000000.0,290736318.78,383194576.29,202389972.44,117174367.92,71615478.65,2595110714.08,0.0053,13754086.78
3273,20250801,23,AUD,734500.0,123141.63,142315.46,86556.37,49448.03,32208.29,1168169.78,55.2,64482971.86
3274,20250801,24,AUD,372000.0,73788.95,119618.03,52372.09,29847.28,17932.35,665558.7,55.2,36738840.24
3275,20250801,25,INR,2720000.0,370735.92,580111.92,260876.62,150306.54,96167.33,4178198.33,1.0,4178198.33
3276,20250901,1,INR,17000000.0,1517618.47,1260393.02,1055604.52,606678.93,363038.9,21803333.84,1.0,21803333.84
3277,20250901,2,INR,10500000.0,899327.86,675924.11,614377.97,349796.46,225492.23,13264918.63,1.0,13264918.63
3278,20250901,3,INR,14833333.33,1712879.87,1897893.53,1179205.0,689701.28,414283.2,20727296.21,1.0,20727296.21
3279,20250901,4,INR,0.0,1684774.57,2879059.46,1164201.96,1121471.88,434573.18,7284081.05,1.0,7284081.05
3280,20250901,5,INR,6240000.0,903251.51,1457707.13,-625594.69,352441.46,235527.05,9814521.84,1.0,9814521.84
3281,20250901,6,INR,19635000.0,2406127.6,3303948.9,1729307.86,942119.38,606278.4,28622782.14,1.0,28622782.14
3282,20250901,7,INR,14280000.0,1649108.23,2148416.74,1162266.87,691192.68,409919.55,20340904.07,1.0,20340904.07
3283,20250901,8,INR,0.0,998798.53,1623183.6,690118.13,664244.71,238090.17,4214435.14,1.0,4214435.14
3284,20250901,9,INR,10327500.0,1350072.94,2078269.23,925406.03,548655.69,340409.35,15570313.24,1.0,15570313.24
3285,20250901,10,INR,5418750.0,701304.66,1180109.92,494063.11,285080.28,166955.36,8246263.33,1.0,8246263.33
3286,20250901,11,INR,13600000.0,1771169.46,2453228.87,1264028.76,739285.76,461525.25,20289238.1,1.0,20289238.1
3287,20250901,12,INR,4862000.0,603069.53,774274.07,421270.22,384812.32,147610.86,7193037.0,1.0,7193037.0
3288,20250901,13,INR,14662500.0,1832533.82,1748467.59,1245513.41,738174.4,474320.37,20701509.59,1.0,20701509.59
3289,20250901,14,INR,5984000.0,936330.42,1360381.14,641242.85,380336.58,241820.21,9544111.2,1.0,9544111.2
3290,20250901,15,SGD,810000.0,97937.24,119359.89,68626.64,38831.15,24944.97,1159699.89,63.5,73640943.02
3291,20250901,16,SGD,343000.0,58072.39,110641.14,39967.5,37231.38,14432.83,603345.24,63.5,38312422.74
3292,20250901,17,MYR,348000.0,61518.01,64694.16,42371.48,24765.65,14671.21,556020.51,18.2,10119573.28
3293,20250901,18,MYR,397800.0,74142.14,97658.95,53311.4,28238.98,18371.37,669522.84,18.2,12185315.69
3294,20250901,19,THB,3500000.0,417887.71,495242.52,294486.46,159945.09,105709.06,4973270.84,2.35,11687186.47
3295,20250901,20,THB,3825000.0,485358.78,709088.75,335628.31,323790.72,126188.53,5805055.09,2.35,13641879.46
3296,20250901,21,IDR,1215000000.0,226335486.98,270227655.71,159785442.85,86716640.89,58443755.06,2016508981.49,0.0053,10687497.6
3297,20250901,22,IDR,1530000000.0,295811354.12,398647041.38,202592381.46,113364395.03,77160694.34,2617575866.33,0.0053,13873152.09
3298,20250901,23,AUD,734500.0,126191.23,146048.54,86220.25,52770.61,32283.09,1178013.72,55.2,65026357.34
3299,20250901,24,AUD,372000.0,73911.14,114958.14,50238.91,48738.56,18007.74,677854.49,55.2,37417567.85
3300,20250901,25,INR,2720000.0,369017.9,594419.86,255524.43,143031.58,92555.86,4174549.63,1.0,4174549.63
3301,20251001,1,INR,17000000.0,1519714.86,1217368.8,1044376.6,586464.25,362463.88,21730388.39,1.0,21730388.39
3302,20251001,2,INR,10500000.0,898377.87,678109.39,618920.84,343244.26,232336.97,13270989.33,1.0,13270989.33
3303,20251001,3,INR,14833333.33,1689413.12,1843100.68,1212657.94,653438.93,428795.05,20660739.05,1.0,20660739.05
3304,20251001,4,INR,0.0,1734996.73,2731094.58,1238644.14,687376.28,449055.48,6841167.21,1.0,6841167.21
3305,20251001,5,INR,6240000.0,911893.35,1411981.32,650050.1,366960.52,217652.38,9798537.67,1.0,9798537.67
3306,20251001,6,INR,19635000.0,2417617.71,3116369.15,1691484.58,940284.51,612539.99,28413295.94,1.0,28413295.94
3307,20251001,7,INR,14280000.0,1674550.46,2197951.94,1143624.32,675159.59,400361.1,20371647.41,1.0,20371647.41
3308,20251001,8,INR,0.0,994337.45,1632473.8,692341.6,382950.11,248950.4,3951053.36,1.0,3951053.36
3309,20251001,9,INR,10327500.0,1354202.29,2019209.29,940497.31,540504.24,338031.91,15519945.04,1.0,15519945.04
3310,20251001,10,INR,5418750.0,700925.99,1144886.84,490439.66,289838.06,182814.02,8227654.57,1.0,8227654.57
3311,20251001,11,INR,13600000.0,1763688.56,2470866.93,1198780.68,692875.97,441475.32,20167687.46,1.0,20167687.46
3312,20251001,12,INR,4862000.0,606716.33,806855.52,423280.44,245955.85,148304.69,7093112.83,1.0,7093112.83
3313,20251001,13,INR,14662500.0,1849031.46,1730995.61,1327431.4,775551.84,475286.18,20820796.49,1.0,20820796.49
3314,20251001,14,INR,5984000.0,947270.59,1304765.28,681197.04,397672.28,226372.15,9541277.34,1.0,9541277.34
3315,20251001,15,SGD,810000.0,96844.55,122425.43,65800.26,38757.9,25406.54,1159234.68,63.5,73611402.18
3316,20251001,16,SGD,343000.0,59463.25,103883.6,42459.36,23320.88,14245.88,586372.97,63.5,37234683.59
3317,20251001,17,MYR,348000.0,61593.62,66475.49,42731.66,24019.42,14883.66,557703.85,18.2,10150210.07
3318,20251001,18,MYR,397800.0,71592.97,102517.45,49603.1,28457.92,17038.46,667009.9,18.2,12139580.18
3319,20251001,19,THB,3500000.0,412235.65,487391.23,294191.07,170455.46,103395.81,4967669.22,2.35,11674022.67
3320,20251001,20,THB,3825000.0,479906.84,712038.84,328008.65,187587.69,117779.41,5650321.43,2.35,13278255.36
3321,20251001,21,IDR,1215000000.0,221905979.19,265230422.16,152848149.9,93050186.88,52955984.33,2000990722.46,0.0053,10605250.83
3322,20251001,22,IDR,1530000000.0,297492766.21,405457080.05,208866912.8,124877978.25,72672932.38,2639367669.69,0.0053,13988648.65
3323,20251001,23,AUD,734500.0,122036.11,138209.43,86906.77,48001.32,30915.83,1160569.46,55.2,64063434.19
3324,20251001,24,AUD,372000.0,74481.72,118983.47,53365.65,29942.03,19131.92,667904.79,55.2,36868344.41
3325,20251001,25,INR,2720000.0,363358.84,570704.29,256072.91,139081.02,95356.75,4144573.81,1.0,4144573.81
3326,20251101,1,INR,17000000.0,1489142.9,1068578.79,1050263.35,607405.69,374429.23,21589819.96,1.0,21589819.96
3327,20251101,2,INR,10500000.0,911419.96,582418.29,643250.82,365615.93,227877.84,13230582.84,1.0,13230582.84
3328,20251101,3,INR,14833333.33,1695515.66,1652158.82,1185891.8,654378.97,411281.64,20432560.22,1.0,20432560.22
3329,20251101,4,INR,0.0,1727819.18,2443294.8,1216933.41,698744.77,447804.0,6534596.16,1.0,6534596.16
3330,20251101,5,INR,6240000.0,885012.24,1206192.18,621705.88,341917.99,211701.37,9506529.66,1.0,9506529.66
3331,20251101,6,INR,19635000.0,2431144.67,2796113.97,1744289.75,999119.3,631759.18,28237426.87,1.0,28237426.87
3332,20251101,7,INR,14280000.0,1686266.01,1754592.69,1166636.12,690735.55,417476.67,19995707.04,1.0,19995707.04
3333,20251101,8,INR,0.0,998514.58,1470009.53,704767.44,395644.57,261356.98,3830293.1,1.0,3830293.1
3334,20251101,9,INR,10327500.0,1404153.25,1789956.05,954046.2,545565.48,350801.84,15372022.82,1.0,15372022.82
3335,20251101,10,INR,5418750.0,709716.11,1011940.4,509609.93,278035.15,178639.3,8106690.89,1.0,8106690.89
3336,20251101,11,INR,13600000.0,1772065.56,2059539.25,1213729.54,705457.77,452350.28,19803142.4,1.0,19803142.4
3337,20251101,12,INR,4862000.0,602692.38,675466.65,410528.15,247245.31,157974.71,6955907.2,1.0,6955907.2
3338,20251101,13,INR,14662500.0,1820299.75,1537201.88,1293701.68,746748.23,458880.38,20519331.92,1.0,20519331.92
3339,20251101,14,INR,5984000.0,943629.08,1180095.47,646197.35,366628.75,242835.27,9363385.92,1.0,9363385.92
3340,20251101,15,SGD,810000.0,96602.86,102715.99,67704.73,39741.42,24881.33,1141646.33,63.5,72494541.95
3341,20251101,16,SGD,343000.0,58534.32,93549.72,41235.16,24518.59,14923.98,575761.77,63.5,36560872.4
3342,20251101,17,MYR,348000.0,60938.55,57188.34,42989.24,23346.06,15197.22,547659.41,18.2,9967401.26
3343,20251101,18,MYR,397800.0,73591.99,82849.77,50112.17,29901.09,19232.04,653487.06,18.2,11893464.49
3344,20251101,19,THB,3500000.0,424169.76,429815.57,295347.44,175097.12,107216.23,4931646.12,2.35,11589368.38
3345,20251101,20,THB,3825000.0,480426.44,601874.75,328649.14,191001.26,115503.2,5542454.79,2.35,13024768.76
3346,20251101,21,IDR,1215000000.0,225941649.14,232170560.84,159594892.15,89271890.28,53668211.24,1975647203.65,0.0053,10470930.18
3347,20251101,22,IDR,1530000000.0,297165403.63,348367102.75,211406037.25,113961535.38,75207736.84,2576107815.85,0.0053,13653371.42
3348,20251101,23,AUD,734500.0,122379.74,119011.03,86908.37,50727.97,31930.41,1145457.52,55.2,63229255.1
3349,20251101,24,AUD,372000.0,73697.59,95081.75,51921.52,28369.48,18649.88,639720.22,55.2,35312556.14
3350,20251101,25,INR,2720000.0,363927.62,492593.75,251980.14,150946.13,88483.41,4067931.05,1.0,4067931.05
3351,20251201,1,INR,17000000.0,1518637.21,1041998.98,1068359.22,592690.62,376841.06,21598527.09,1.0,21598527.09
3352,20251201,2,INR,10500000.0,914166.98,582879.26,632711.23,368887.57,228158.42,13226803.46,1.0,13226803.46
3353,20251201,3,INR,14833333.33,1682827.72,1622689.42,1208071.79,679695.7,403491.15,20430109.11,1.0,20430109.11
3354,20251201,4,INR,0.0,1693030.03,2464644.37,1205028.85,662106.4,442666.45,6467476.1,1.0,6467476.1
3355,20251201,5,INR,6240000.0,897125.62,1180585.89,610760.48,353135.52,224523.09,9506130.6,1.0,9506130.6
3356,20251201,6,INR,19635000.0,2378940.72,2622646.59,1707786.12,960881.3,611011.96,27916266.69,1.0,27916266.69
3357,20251201,7,INR,14280000.0,1632858.38,1845768.95,1124312.41,685027.31,427076.08,19995043.13,1.0,19995043.13
3358,20251201,8,INR,0.0,963858.75,1481237.76,682185.75,397813.8,246071.71,3771167.77,1.0,3771167.77
3359,20251201,9,INR,10327500.0,1356444.0,1687310.86,924002.26,556451.07,332480.64,15184188.83,1.0,15184188.83
3360,20251201,10,INR,5418750.0,698140.66,1011085.27,491874.88,274605.64,169404.46,8063860.91,1.0,8063860.91
3361,20251201,11,INR,13600000.0,1757090.43,2010070.53,1200074.82,684052.56,423081.89,19674370.23,1.0,19674370.23
3362,20251201,12,INR,4862000.0,593831.7,666215.11,409938.9,244281.83,145818.18,6922085.72,1.0,6922085.72
3363,20251201,13,INR,14662500.0,1875428.66,1436219.76,1285152.78,725873.76,488485.76,20473660.72,1.0,20473660.72
3364,20251201,14,INR,5984000.0,940778.48,1149188.27,654101.07,392950.76,243297.86,9364316.44,1.0,9364316.44
3365,20251201,15,SGD,810000.0,98331.33,98209.26,67230.14,37568.83,25800.56,1137140.12,63.5,72208397.62
3366,20251201,16,SGD,343000.0,57938.74,89037.37,40139.48,23900.73,14108.26,568124.58,63.5,36075910.83
3367,20251201,17,MYR,348000.0,60945.33,55744.52,42770.87,25370.09,15734.3,548565.11,18.2,9983885.0
3368,20251201,18,MYR,397800.0,72673.14,83092.28,49640.62,28546.39,18662.32,650414.75,18.2,11837548.45
3369,20251201,19,THB,3500000.0,426502.98,409382.2,295459.36,169980.01,110897.66,4912222.21,2.35,11543722.19
3370,20251201,20,THB,3825000.0,491105.61,607536.18,351714.18,192681.89,119060.19,5587098.05,2.35,13129680.42
3371,20251201,21,IDR,1215000000.0,223181743.77,216957675.86,156630302.85,89837470.9,54148380.24,1955755573.62,0.0053,10365504.54
3372,20251201,22,IDR,1530000000.0,292649577.8,349911037.01,208198559.42,117911731.35,72920163.36,2571591068.94,0.0053,13629432.67
3373,20251201,23,AUD,734500.0,124139.88,117659.43,89050.24,48495.27,31127.7,1144972.52,55.2,63202483.1
3374,20251201,24,AUD,372000.0,75661.0,96387.69,52880.88,30461.97,19683.78,647075.32,55.2,35718557.66
3375,20251201,25,INR,2720000.0,361569.15,494820.5,258048.67,141888.16,93588.23,4069914.71,1.0,4069914.71
3376,20260101,1,INR,17000000.0,1501666.62,1029403.05,1065507.47,621507.4,385414.54,21603499.08,1.0,21603499.08
3377,20260101,2,INR,10500000.0,899597.64,586113.34,634078.58,355210.79,215347.81,13190348.16,1.0,13190348.16
3378,20260101,3,INR,14833333.33,1676353.1,1630394.37,1190829.91,637884.77,438345.92,20407141.4,1.0,20407141.4
3379,20260101,4,INR,0.0,1700402.81,2426194.95,1208947.61,712980.85,422727.58,6471253.8,1.0,6471253.8
3380,20260101,5,INR,6240000.0,883516.1,1171706.17,612326.0,339932.91,215777.99,9463259.17,1.0,9463259.17
3381,20260101,6,INR,19635000.0,2401641.33,2820213.97,1718661.99,964803.96,614801.71,28155122.96,1.0,28155122.96
3382,20260101,7,INR,14280000.0,1649851.34,1846172.65,1161475.33,666358.67,421807.6,20025665.59,1.0,20025665.59
3383,20260101,8,INR,0.0,985468.91,1386053.83,700930.26,413150.8,251979.71,3737583.51,1.0,3737583.51
3384,20260101,9,INR,10327500.0,1373310.55,1822213.19,956002.71,529429.79,350215.55,15358671.79,1.0,15358671.79
3385,20260101,10,INR,5418750.0,707923.19,975350.79,505754.42,275872.63,174841.62,8058492.65,1.0,8058492.65
3386,20260101,11,INR,13600000.0,1779113.78,2003312.53,1229850.62,731100.98,456772.17,19800150.08,1.0,19800150.08
3387,20260101,12,INR,4862000.0,608459.74,670142.06,425302.49,231377.41,156022.06,6953303.76,1.0,6953303.76
3388,20260101,13,INR,14662500.0,1842262.89,1455238.35,1281620.37,730366.54,471462.74,20443450.89,1.0,20443450.89
3389,20260101,14,INR,5984000.0,921878.18,1160520.68,637643.51,367948.36,232679.15,9304669.88,1.0,9304669.88
3390,20260101,15,SGD,810000.0,97903.18,100612.48,69926.99,38062.0,23939.75,1140444.4,63.5,72418219.4
3391,20260101,16,SGD,343000.0,57868.97,88311.31,40561.5,22487.49,14996.09,567225.36,63.5,36018810.36
3392,20260101,17,MYR,348000.0,60770.07,55977.64,43425.34,24680.85,14505.67,547359.57,18.2,9961944.17
3393,20260101,18,MYR,397800.0,74097.05,87895.9,53243.33,29730.6,19202.01,661968.89,18.2,12047833.8
3394,20260101,19,THB,3500000.0,427229.4,427945.36,307932.71,168071.27,110979.36,4942158.1,2.35,11614071.54
3395,20260101,20,THB,3825000.0,491418.74,600932.91,344894.63,205807.03,120797.06,5588850.37,2.35,13133798.37
3396,20260101,21,IDR,1215000000.0,220680641.97,226026506.55,158966222.38,92200372.39,54311035.06,1967184778.35,0.0053,10426079.33
3397,20260101,22,IDR,1530000000.0,295135330.16,326638895.3,212088757.35,120690803.78,73149235.05,2557703021.64,0.0053,13555826.01
3398,20260101,23,AUD,734500.0,125230.33,121813.5,86068.63,50679.23,30212.18,1148503.87,55.2,63397413.62
3399,20260101,24,AUD,372000.0,74856.05,102503.78,53844.29,31282.06,18481.81,652967.99,55.2,36043833.05
3400,20260101,25,INR,2720000.0,370301.35,479006.53,255091.57,148669.21,89697.46,4062766.12,1.0,4062766.12
3401,20260201,1,INR,17000000.0,1508808.33,1233671.31,1057254.94,584157.74,375698.65,21759590.97,1.0,21759590.97
3402,20260201,2,INR,10500000.0,883509.09,659814.54,618262.44,358613.06,216629.71,13236828.84,1.0,13236828.84
3403,20260201,3,INR,14833333.33,1684021.81,1882966.08,1161506.57,647393.73,419483.37,20628704.89,1.0,20628704.89
3404,20260201,4,INR,0.0,1674999.03,2708374.88,1207387.02,680522.29,425728.01,6697011.23,1.0,6697011.23
3405,20260201,5,INR,6240000.0,894542.1,1361160.12,634665.71,361604.47,220577.77,9712550.17,1.0,9712550.17
3406,20260201,6,INR,19635000.0,2411839.1,3261064.56,1656381.06,920229.33,573348.5,28457862.55,1.0,28457862.55
3407,20260201,7,INR,14280000.0,1659890.34,2126943.11,1135896.86,694028.9,419761.92,20316521.13,1.0,20316521.13
3408,20260201,8,INR,0.0,985085.53,1621224.14,700383.83,410998.09,245151.7,3962843.29,1.0,3962843.29
3409,20260201,9,INR,10327500.0,1362552.52,2001112.85,975396.37,558875.49,346809.19,15572246.42,1.0,15572246.42
3410,20260201,10,INR,5418750.0,707939.59,1160096.58,486346.07,284988.23,173554.18,8231674.65,1.0,8231674.65
3411,20260201,11,INR,13600000.0,1760065.3,2362682.0,1216966.55,674076.73,452960.06,20066750.64,1.0,20066750.64
3412,20260201,12,INR,4862000.0,588202.75,777395.73,407766.77,239814.15,140480.73,7015660.13,1.0,7015660.13
3413,20260201,13,INR,14662500.0,1828302.82,1720272.01,1255865.7,703811.99,446547.33,20617299.85,1.0,20617299.85
3414,20260201,14,INR,5984000.0,916826.44,1348158.25,643149.78,362081.31,236055.0,9490270.78,1.0,9490270.78
3415,20260201,15,SGD,810000.0,99026.8,115160.18,68094.54,40153.32,25109.82,1157544.66,63.5,73504085.91
3416,20260201,16,SGD,343000.0,58057.54,109561.67,39578.17,23449.8,13803.45,587450.63,63.5,37303115.01
3417,20260201,17,MYR,348000.0,60662.69,63061.37,43300.14,24539.48,14719.27,554282.95,18.2,10087949.69
3418,20260201,18,MYR,397800.0,71574.73,95883.83,50148.31,29373.85,18454.65,663235.37,18.2,12070883.73
3419,20260201,19,THB,3500000.0,426932.16,496102.37,300526.87,172515.53,103813.72,4999890.65,2.35,11749743.03
3420,20260201,20,THB,3825000.0,480079.31,721636.35,334084.49,201441.88,121317.12,5683559.15,2.35,13356364.0
3421,20260201,21,IDR,1215000000.0,227056245.97,258733321.54,155529457.12,88894086.05,56645598.01,2001858708.69,0.0053,10609851.16
3422,20260201,22,IDR,1530000000.0,288144624.25,413118703.49,205104279.68,119880160.46,75158736.37,2631406504.25,0.0053,13946454.47
3423,20260201,23,AUD,734500.0,123926.74,145662.52,86435.5,49158.89,31355.6,1171039.25,55.2,64641366.6
3424,20260201,24,AUD,372000.0,73713.1,113903.05,52837.04,30022.81,17960.0,660436.0,55.2,36456067.2
3425,20260201,25,INR,2720000.0,362101.83,557755.5,259156.74,145282.78,94898.51,4139195.36,1.0,4139195.36
3426,20260301,1,INR,17000000.0,1495196.45,1234679.88,1031614.34,621545.11,386056.88,21769092.66,1.0,21769092.66
3427,20260301,2,INR,10500000.0,905004.78,679229.12,624063.67,348651.44,225456.74,13282405.75,1.0,13282405.75
3428,20260301,3,INR,14833333.33,1720235.54,1871923.23,1205545.52,670873.93,446901.75,20748813.3,1.0,20748813.3
3429,20260301,4,INR,0.0,1682861.12,2779326.7,1180294.02,1090811.3,428039.37,7161332.51,1.0,7161332.51
3430,20260301,5,INR,6240000.0,898612.37,1364320.84,633086.9,348550.85,225344.78,9709915.74,1.0,9709915.74
3431,20260301,6,INR,19635000.0,2385454.76,3339070.4,1706832.26,937823.96,584105.81,28588287.19,1.0,28588287.19
3432,20260301,7,INR,14280000.0,1677601.28,2129742.3,1152430.45,687882.48,411266.85,20338923.36,1.0,20338923.36
3433,20260301,8,INR,0.0,986413.67,1685870.28,678092.01,611069.66,251999.89,4213445.51,1.0,4213445.51
3434,20260301,9,INR,10327500.0,1352363.41,1988948.96,969036.93,520586.58,332691.46,15491127.34,1.0,15491127.34
3435,20260301,10,INR,5418750.0,708224.15,1163933.78,508176.42,274260.27,170042.1,8243386.72,1.0,8243386.72
3436,20260301,11,INR,13600000.0,1753744.75,2535076.08,1249591.8,701661.83,460327.21,20300401.67,1.0,20300401.67
3437,20260301,12,INR,4862000.0,598031.86,793278.94,406874.75,367044.23,142134.16,7169363.94,1.0,7169363.94
3438,20260301,13,INR,14662500.0,1832720.17,1700609.14,1305250.28,757336.17,443743.97,20702159.73,1.0,20702159.73
3439,20260301,14,INR,5984000.0,944581.82,1347559.65,642663.17,383999.75,224445.98,9527250.37,1.0,9527250.37
3440,20260301,15,SGD,810000.0,95285.25,116981.08,68445.37,37749.25,24689.96,1153150.91,63.5,73225082.78
3441,20260301,16,SGD,343000.0,59641.58,106432.59,40687.64,37575.95,15638.03,602975.79,63.5,38288962.66
3442,20260301,17,MYR,348000.0,60757.08,66644.58,43699.49,23750.67,14778.79,557630.61,18.2,10148877.1
3443,20260301,18,MYR,397800.0,74235.91,99693.35,50438.65,30418.76,18440.74,671027.41,18.2,12212698.86
3444,20260301,19,THB,3500000.0,416947.87,473687.54,288301.81,168825.26,109260.47,4957022.95,2.35,11649003.93
3445,20260301,20,THB,3825000.0,477474.35,688181.68,343107.21,302922.3,114088.22,5750773.76,2.35,13514318.34
3446,20260301,21,IDR,1215000000.0,219622847.18,257111426.35,151916279.01,88225893.87,56861310.25,1988737756.66,0.0053,10540310.11
3447,20260301,22,IDR,1530000000.0,299177596.67,391733600.09,210160200.42,118487946.34,76253877.19,2625813220.71,0.0053,13916810.07
3448,20260301,23,AUD,734500.0,122108.95,139050.62,85556.5,47715.67,30797.77,1159729.51,55.2,64017068.95
3449,20260301,24,AUD,372000.0,75870.4,120528.49,51952.95,49494.07,18083.55,687929.46,55.2,37973706.19
3450,20260301,25,INR,2720000.0,371028.97,573744.76,261946.94,146217.74,96321.84,4169260.25,1.0,4169260.25
3451,20260401,1,INR,17000000.0,1502052.82,1558735.2,1020211.56,582571.39,378661.97,22042232.94,1.0,22042232.94
3452,20260401,2,INR,10500000.0,913864.26,836187.19,635440.31,378378.36,230782.38,13494652.5,1.0,13494652.5
3453,20260401,3,INR,14833333.33,1686742.4,2450577.31,1155023.84,697511.4,437855.94,21261044.22,1.0,21261044.22
3454,20260401,4,INR,0.0,1678065.56,3358329.78,1161007.43,657447.42,433356.58,7288206.77,1.0,7288206.77
3455,20260401,5,INR,6240000.0,882418.96,1786400.51,625074.91,370070.99,221982.14,10125947.51,1.0,10125947.51
3456,20260401,6,INR,19635000.0,2455691.38,3865371.98,1694267.87,955238.14,631249.42,29236818.79,1.0,29236818.79
3457,20260401,7,INR,14280000.0,1643199.1,2591894.28,1120667.54,654928.31,429473.85,20720163.08,1.0,20720163.08
3458,20260401,8,INR,0.0,994756.39,2142865.32,681479.37,405819.05,255754.52,4480674.65,1.0,4480674.65
3459,20260401,9,INR,10327500.0,1403200.92,2674644.92,972972.42,543849.98,365485.07,16287653.31,1.0,16287653.31
3460,20260401,10,INR,5418750.0,687650.33,1408944.81,479456.15,262285.7,180111.72,8437198.71,1.0,8437198.71
3461,20260401,11,INR,13600000.0,1772400.23,2963938.54,1255685.36,731017.56,448230.36,20771272.05,1.0,20771272.05
3462,20260401,12,INR,4862000.0,590442.31,991508.51,406358.45,235652.12,154152.63,7240114.02,1.0,7240114.02
3463,20260401,13,INR,14662500.0,1843967.25,2285998.96,1294286.89,721622.23,465008.79,21273384.12,1.0,21273384.12
3464,20260401,14,INR,5984000.0,944155.37,1693480.54,649727.02,371159.2,238952.3,9881474.43,1.0,9881474.43
3465,20260401,15,SGD,810000.0,98205.19,144796.42,67420.52,40003.86,24189.78,1184615.77,63.5,75223101.39
3466,20260401,16,SGD,343000.0,59173.0,132719.53,40776.88,22837.09,14562.4,613068.9,63.5,38929875.15
3467,20260401,17,MYR,348000.0,61773.85,81511.87,43079.46,25113.78,15080.4,574559.36,18.2,10456980.35
3468,20260401,18,MYR,397800.0,73642.79,122490.16,52443.09,30319.81,18416.25,695112.1,18.2,12651040.22
3469,20260401,19,THB,3500000.0,425611.68,589777.8,305660.24,161796.34,107889.89,5090735.95,2.35,11963229.48
3470,20260401,20,THB,3825000.0,486466.75,908036.43,332498.01,199335.82,124450.84,5875787.85,2.35,13808101.45
3471,20260401,21,IDR,1215000000.0,219216405.13,326110411.62,155752125.71,89861749.01,52159612.31,2058100303.78,0.0053,10907931.61
3472,20260401,22,IDR,1530000000.0,291232923.26,510769132.48,201761934.73,115338397.68,69507982.2,2718610370.35,0.0053,14408634.96
3473,20260401,23,AUD,734500.0,122414.81,181949.97,85740.97,49421.61,29596.85,1203624.21,55.2,66440056.39
3474,20260401,24,AUD,372000.0,74797.01,150070.96,53216.01,29011.95,18275.52,697371.45,55.2,38494904.04
3475,20260401,25,INR,2720000.0,362794.17,707140.68,253953.76,142043.0,88714.54,4274646.15,1.0,4274646.15
3476,20260501,1,INR,17000000.0,1517489.15,1582824.78,1050864.79,604443.31,378637.67,22134259.7,1.0,22134259.7
3477,20260501,2,INR,10500000.0,916559.83,851940.98,655260.05,379901.46,224726.31,13528388.63,1.0,13528388.63
3478,20260501,3,INR,14833333.33,1711322.73,2363753.62,1201752.67,687606.71,437417.41,21235186.47,1.0,21235186.47
3479,20260501,4,INR,0.0,1719887.55,3396268.61,1207052.48,703485.01,413816.54,7440510.19,1.0,7440510.19
3480,20260501,5,INR,6240000.0,911806.35,1799216.78,642319.05,353636.22,222448.55,10169426.95,1.0,10169426.95
3481,20260501,6,INR,19635000.0,2383504.48,3915278.62,1678892.95,986156.83,601834.65,29200667.53,1.0,29200667.53
3482,20260501,7,INR,14280000.0,1688426.99,2634659.87,1179656.11,679086.42,407431.27,20869260.66,1.0,20869260.66
3483,20260501,8,INR,0.0,998267.57,2050006.3,711465.78,402613.24,247115.22,4409468.11,1.0,4409468.11
3484,20260501,9,INR,10327500.0,1398449.61,2649844.46,979141.04,559349.86,361769.69,16276054.66,1.0,16276054.66
3485,20260501,10,INR,5418750.0,692966.32,1439193.9,483527.89,274516.59,165676.62,8474631.32,1.0,8474631.32
3486,20260501,11,INR,13600000.0,1760003.37,3158238.33,1213113.04,672221.74,457504.47,20861080.95,1.0,20861080.95
3487,20260501,12,INR,4862000.0,607070.86,985610.07,421599.31,230977.48,157698.88,7264956.6,1.0,7264956.6
3488,20260501,13,INR,14662500.0,1852842.93,2286880.53,1295147.07,722911.2,462468.35,21282750.08,1.0,21282750.08
3489,20260501,14,INR,5984000.0,918357.12,1745369.07,654785.43,380726.55,220989.66,9904227.83,1.0,9904227.83
3490,20260501,15,SGD,810000.0,95520.2,154312.46,65314.67,37744.62,24094.28,1186986.23,63.5,75373625.61
3491,20260501,16,SGD,343000.0,58897.14,132518.47,41337.11,24328.92,14304.95,614386.59,63.5,39013548.46
3492,20260501,17,MYR,348000.0,60159.69,83701.64,42913.31,23294.23,14899.01,572967.88,18.2,10428015.42
3493,20260501,18,MYR,397800.0,71974.94,119997.66,48975.97,27864.63,18497.3,685110.5,18.2,12469011.1
3494,20260501,19,THB,3500000.0,427768.57,607076.95,300334.53,165711.37,103138.09,5104029.51,2.35,11994469.35
3495,20260501,20,THB,3825000.0,489541.81,876407.91,345397.19,191407.35,116852.16,5844606.42,2.35,13734825.09
3496,20260501,21,IDR,1215000000.0,219387966.77,337242122.7,149627047.93,85859546.41,53437123.07,2060553806.88,0.0053,10920935.18
3497,20260501,22,IDR,1530000000.0,297419094.48,506285081.76,211744553.28,122781805.37,74965713.33,2743196248.22,0.0053,14538940.12
3498,20260501,23,AUD,734500.0,124704.08,170197.03,86845.95,47998.46,30504.45,1194749.97,55.2,65950198.34
3499,20260501,24,AUD,372000.0,75315.09,144601.37,51898.55,30891.53,18203.86,692910.4,55.2,38248654.08
3500,20260501,25,INR,2720000.0,361470.54,732198.83,250259.13,151048.07,88048.47,4303025.04,1.0,4303025.04
3501,20260601,1,INR,17000000.0,1471280.82,1551116.98,1042511.25,593161.12,372755.01,22030825.18,1.0,22030825.18
3502,20260601,2,INR,10500000.0,904339.59,827723.87,630929.75,376293.95,237138.13,13476425.29,1.0,13476425.29
3503,20260601,3,INR,14833333.33,1689874.93,2461304.74,1174856.67,673514.06,411452.26,21244335.99,1.0,21244335.99
3504,20260601,4,INR,0.0,1679440.26,3396844.15,1176254.47,666937.33,434043.3,7353519.51,1.0,7353519.51
3505,20260601,5,INR,6240000.0,883842.04,1801241.74,602377.32,355866.06,228565.76,10111892.92,1.0,10111892.92
3506,20260601,6,INR,19635000.0,2393562.66,4047294.02,1720204.72,985974.03,599543.53,29381578.96,1.0,29381578.96
3507,20260601,7,INR,14280000.0,1652895.25,2622994.03,1152006.73,643828.74,417088.16,20768812.91,1.0,20768812.91
3508,20260601,8,INR,0.0,986154.37,2045096.23,700912.55,391150.19,245306.16,4368619.5,1.0,4368619.5
3509,20260601,9,INR,10327500.0,1370747.07,2485013.55,946771.43,524027.91,341435.45,15995495.41,1.0,15995495.41
3510,20260601,10,INR,5418750.0,692034.92,1393439.55,492233.6,279360.58,176737.7,8452556.35,1.0,8452556.35
3511,20260601,11,INR,13600000.0,1764042.25,3074005.55,1230769.2,698992.07,451293.71,20819102.78,1.0,20819102.78
3512,20260601,12,INR,4862000.0,604331.4,996998.86,427680.7,231206.2,153820.93,7276038.09,1.0,7276038.09
3513,20260601,13,INR,14662500.0,1848674.62,2187910.29,1312533.51,713297.49,478183.7,21203099.61,1.0,21203099.61
3514,20260601,14,INR,5984000.0,939648.92,1679383.0,673668.47,387718.97,227313.29,9891732.65,1.0,9891732.65
3515,20260601,15,SGD,810000.0,98476.53,143259.31,68627.48,40433.27,23482.03,1184278.62,63.5,75201692.37
3516,20260601,16,SGD,343000.0,58054.23,129549.76,41313.6,22234.41,14739.8,608891.8,63.5,38664629.3
3517,20260601,17,MYR,348000.0,61263.57,82791.51,43338.1,24034.35,15005.4,574432.93,18.2,10454679.33
3518,20260601,18,MYR,397800.0,73699.32,123781.42,53133.96,28474.24,17644.15,694533.09,18.2,12640502.24
3519,20260601,19,THB,3500000.0,418589.29,634979.4,296575.95,159338.59,101001.31,5110484.54,2.35,12009638.67
3520,20260601,20,THB,3825000.0,480443.98,897303.07,329070.42,188823.6,124111.46,5844752.53,2.35,13735168.45
3521,20260601,21,IDR,1215000000.0,226981595.54,323310984.5,161991123.18,88600086.2,58842879.69,2074726669.11,0.0053,10996051.35
3522,20260601,22,IDR,1530000000.0,297909390.07,497985017.82,205538471.84,122206088.86,77182144.69,2730821113.28,0.0053,14473351.9
3523,20260601,23,AUD,734500.0,122161.04,169793.05,84868.82,50423.06,30781.15,1192527.12,55.2,65827497.02
3524,20260601,24,AUD,372000.0,74786.93,150509.9,51684.39,29975.17,19314.25,698270.64,55.2,38544539.33
3525,20260601,25,INR,2720000.0,366245.48,730000.59,257120.34,141625.91,93709.54,4308701.86,1.0,4308701.86
3526,20260701,1,INR,17000000.0,1484125.83,1581455.96,1050739.07,619175.72,357020.43,22092517.01,1.0,22092517.01
3527,20260701,2,INR,10500000.0,910609.69,849402.59,644255.16,368319.7,219065.21,13491652.35,1.0,13491652.35
3528,20260701,3,INR,14833333.33,1677526.79,2326645.9,1192472.16,644336.09,429438.71,21103752.98,1.0,21103752.98
3529,20260701,4,INR,0.0,1726170.87,3556949.04,1244305.24,702250.5,415645.47,7645321.12,1.0,7645321.12
3530,20260701,5,INR,6240000.0,893342.69,1687041.8,632499.16,362560.86,228424.84,10043869.35,1.0,10043869.35
3531,20260701,6,INR,19635000.0,2388779.7,4062029.83,1635551.17,985211.1,587544.72,29294116.52,1.0,29294116.52
3532,20260701,7,INR,14280000.0,1696359.62,2680477.39,1178966.26,652445.75,425031.92,20913280.94,1.0,20913280.94
3533,20260701,8,INR,0.0,996249.45,2041138.41,718153.07,406043.89,244158.83,4405743.65,1.0,4405743.65
3534,20260701,9,INR,10327500.0,1390651.25,2623291.05,983459.02,558379.54,337556.46,16220837.32,1.0,16220837.32
3535,20260701,10,INR,5418750.0,693241.19,1418437.88,472836.59,276199.11,167418.54,8446883.31,1.0,8446883.31
3536,20260701,11,INR,13600000.0,1797953.73,3131679.8,1284711.87,736507.52,453905.18,21004758.1,1.0,21004758.1
3537,20260701,12,INR,4862000.0,602508.89,958549.3,413800.71,245099.42,144692.55,7226650.87,1.0,7226650.87
3538,20260701,13,INR,14662500.0,1880567.0,2182443.15,1318782.48,775264.11,488903.54,21308460.28,1.0,21308460.28
3539,20260701,14,INR,5984000.0,952954.83,1677197.59,686560.41,374771.71,228487.96,9903972.5,1.0,9903972.5
3540,20260701,15,SGD,810000.0,97499.01,150792.1,68000.49,40650.8,24049.42,1190991.82,63.5,75627980.57
3541,20260701,16,SGD,343000.0,59551.58,133926.03,40579.83,22767.14,14144.0,613968.58,63.5,38987004.83
3542,20260701,17,MYR,348000.0,59992.96,83543.04,42682.29,24292.57,15397.98,573908.84,18.2,10445140.89
3543,20260701,18,MYR,397800.0,71639.39,119417.67,50188.73,29156.13,18049.63,686251.55,18.2,12489778.21
3544,20260701,19,THB,3500000.0,422372.15,631395.12,292788.23,172945.79,110632.13,5130133.42,2.35,12055813.54
3545,20260701,20,THB,3825000.0,493225.86,884618.46,337515.59,207064.9,122348.81,5869773.62,2.35,13793968.01
3546,20260701,21,IDR,1215000000.0,222870981.9,340607332.31,157522802.48,89883761.58,53004779.56,2078889657.83,0.0053,11018115.19
3547,20260701,22,IDR,1530000000.0,294818195.37,508326993.17,210182530.9,117504448.06,73214317.4,2734046484.9,0.0053,14490446.37
3548,20260701,23,AUD,734500.0,122263.73,177005.5,84690.16,46642.18,31194.26,1196295.83,55.2,66035529.82
3549,20260701,24,AUD,372000.0,74284.16,140100.1,52893.17,28512.49,17979.41,685769.33,55.2,37854467.02
3550,20260701,25,INR,2720000.0,363589.82,713137.82,246952.06,147477.12,86842.7,4277999.52,1.0,4277999.52
3551,20260801,1,INR,17000000.0,1499625.0,1256906.43,1044586.49,589752.53,383742.81,21774613.26,1.0,21774613.26
3552,20260801,2,INR,10500000.0,902763.34,687328.45,633494.39,376764.69,214780.24,13315131.11,1.0,13315131.11
3553,20260801,3,INR,14833333.33,1672267.89,1834101.85,1170469.16,698539.86,418216.84,20626928.93,1.0,20626928.93
3554,20260801,4,INR,0.0,1737316.43,2811915.0,1247609.6,668007.13,451052.89,6915901.05,1.0,6915901.05
3555,20260801,5,INR,6240000.0,905645.6,1375687.74,640726.3,358286.64,233041.28,9753387.56,1.0,9753387.56
3556,20260801,6,INR,19635000.0,2403074.0,3278203.55,1707152.61,999649.29,603304.23,28626383.68,1.0,28626383.68
3557,20260801,7,INR,14280000.0,1691594.95,2101416.9,1218543.02,670442.4,413012.07,20375009.34,1.0,20375009.34
3558,20260801,8,INR,0.0,969352.21,1719946.15,658940.58,381349.17,240893.26,3970481.37,1.0,3970481.37
3559,20260801,9,INR,10327500.0,1397187.14,2037696.47,961848.89,573767.89,364490.42,15662490.81,1.0,15662490.81
3560,20260801,10,INR,5418750.0,702880.93,1181182.28,504168.26,279129.28,170995.55,8257106.3,1.0,8257106.3
3561,20260801,11,INR,13600000.0,1743806.47,2527074.69,1246364.83,706341.24,451511.85,20275099.08,1.0,20275099.08
3562,20260801,12,INR,4862000.0,601050.54,792943.05,433345.49,238362.07,144251.15,7071952.3,1.0,7071952.3
3563,20260801,13,INR,14662500.0,1825533.89,1728655.48,1242911.9,745334.22,474363.85,20679299.34,1.0,20679299.34
3564,20260801,14,INR,5984000.0,926134.58,1344309.9,664543.56,373712.62,242241.56,9534942.22,1.0,9534942.22
3565,20260801,15,SGD,810000.0,95783.98,117645.67,68682.69,36963.28,23176.83,1152252.45,63.5,73168030.58
3566,20260801,16,SGD,343000.0,58063.26,104438.59,39775.68,23808.5,14433.99,583520.02,63.5,37053521.27
3567,20260801,17,MYR,348000.0,61453.89,64268.64,43603.09,23529.49,16128.02,556983.13,18.2,10137092.97
3568,20260801,18,MYR,397800.0,73312.76,98774.81,50043.31,27972.83,19067.71,666971.42,18.2,12138879.84
3569,20260801,19,THB,3500000.0,413027.89,480539.57,281026.62,164558.75,106733.1,4945885.93,2.35,11622831.94
3570,20260801,20,THB,3825000.0,488776.48,733277.98,345284.78,189703.38,116741.75,5698784.37,2.35,13392143.27
3571,20260801,21,IDR,1215000000.0,225687113.27,261595622.98,153349291.29,91001103.03,54458046.26,2001091176.83,0.0053,10605783.24
3572,20260801,22,IDR,1530000000.0,289087569.01,409191039.43,199204080.91,119536316.31,69805901.63,2616824907.29,0.0053,13869172.01
3573,20260801,23,AUD,734500.0,123515.76,143035.62,84327.11,51819.71,31075.73,1168273.93,55.2,64488720.94
3574,20260801,24,AUD,372000.0,73873.14,115822.55,51467.09,30207.82,18617.52,661988.12,55.2,36541744.22
3575,20260801,25,INR,2720000.0,361799.0,591671.02,247947.36,139380.37,86064.38,4146862.13,1.0,4146862.13
3576,20260901,1,INR,17000000.0,1504508.53,1212931.71,1022972.76,578169.29,375390.49,21693972.78,1.0,21693972.78
3577,20260901,2,INR,10500000.0,887207.19,658124.35,620883.22,359227.47,211093.7,13236535.93,1.0,13236535.93
3578,20260901,3,INR,14833333.33,1687081.11,1835728.47,1157873.57,707790.32,424981.4,20646788.2,1.0,20646788.2
3579,20260901,4,INR,0.0,1719703.93,2766062.81,1218807.17,1128745.89,445560.9,7278880.7,1.0,7278880.7
3580,20260901,5,INR,6240000.0,900158.73,1455958.87,628388.24,360792.93,225614.44,9810913.21,1.0,9810913.21
3581,20260901,6,INR,19635000.0,2443015.83,3220660.28,1742736.96,1006095.15,637830.56,28685338.78,1.0,28685338.78
3582,20260901,7,INR,14280000.0,1648660.92,2098874.66,1159032.64,682170.23,410699.21,20279437.66,1.0,20279437.66
3583,20260901,8,INR,0.0,997500.85,1659431.29,707597.29,615336.57,244842.16,4224708.16,1.0,4224708.16
3584,20260901,9,INR,10327500.0,1365503.69,2114996.13,974265.78,532974.28,344500.57,15659740.45,1.0,15659740.45
3585,20260901,10,INR,5418750.0,689470.81,1175116.93,478934.84,278501.58,165092.51,8205866.67,1.0,8205866.67
3586,20260901,11,INR,13600000.0,1743035.87,2478438.42,1240900.26,674374.39,452458.73,20189207.67,1.0,20189207.67
3587,20260901,12,INR,4862000.0,591797.27,795667.19,423229.48,388020.86,142734.83,7203449.63,1.0,7203449.63
3588,20260901,13,INR,14662500.0,1868680.62,1823571.7,1284007.71,748523.59,487530.36,20874813.98,1.0,20874813.98
3589,20260901,14,INR,5984000.0,917387.97,1322839.7,624528.43,379744.56,224321.17,9452821.83,1.0,9452821.83
3590,20260901,15,SGD,810000.0,97362.54,120187.24,69646.53,39047.23,24357.76,1160601.3,63.5,73698182.55
3591,20260901,16,SGD,343000.0,59842.25,108816.93,41700.2,37033.73,15196.85,605589.96,63.5,38454962.46
3592,20260901,17,MYR,348000.0,60103.66,67807.69,41400.3,25233.94,15235.95,557781.54,18.2,10151624.03
3593,20260901,18,MYR,397800.0,71573.73,100187.54,50276.08,28184.89,17871.61,665893.85,18.2,12119268.07
3594,20260901,19,THB,3500000.0,416754.18,497390.6,296276.21,174204.76,101038.23,4985663.98,2.35,11716310.35
3595,20260901,20,THB,3825000.0,487424.67,695955.72,340590.68,304743.4,118485.54,5772200.01,2.35,13564670.02
3596,20260901,21,IDR,1215000000.0,226488648.96,270683690.08,154539698.73,93951257.87,56347715.9,2017011011.54,0.0053,10690158.36
3597,20260901,22,IDR,1530000000.0,294531361.89,387722806.48,203608109.81,121067210.11,73542969.57,2610472457.86,0.0053,13835504.03
3598,20260901,23,AUD,734500.0,123276.8,146427.28,85812.26,50615.33,30755.03,1171386.7,55.2,64660545.84
3599,20260901,24,AUD,372000.0,74404.95,112846.27,52181.57,47454.2,17753.88,676640.87,55.2,37350576.02
3600,20260901,25,INR,2720000.0,371599.09,571637.71,257786.47,146657.21,91515.97,4159196.45,1.0,4159196.45
